{"converter":{"status":"unchecked","configs":{"e6587753-4ca5-4d2e-b7ba-beaf1e7f191c":{"title":"Re-encoded MP4 (h264/aac)","ext":"mp4","params":{"c:a":"aac","f":"mp4","c:v":"h264"},"audioonly":false,"readonly":true},"249a7d34-3640-4ac3-8300-13827811d2cf":{"title":"MPEG (mpeg1+mp2)","ext":"mpg","params":{"c:a":"mp2","f":"mpeg","r":24,"c:v":"mpeg1video"},"extra":"-mbd rd -trellis 2 -cmp 2 -subcmp 2 -g 100","audioonly":false,"readonly":true},"6de4f5ce-8cfe-4f0f-8246-bacb7b0d7624":{"title":"WMV 500Kb (Windows Media Player)","ext":"wmv","params":{"c:a":"wmav2","f":"asf","c:v":"wmv2","b:v":"500k"},"extra":null,"audioonly":false,"readonly":true},"21a19146-e116-4460-8356-a8eab9cf61ce":{"title":"WMV 1Mb (Windows Media Player)","ext":"wmv","params":{"c:a":"wmav2","f":"asf","c:v":"wmv2","b:v":"1000k"},"extra":null,"audioonly":false,"readonly":true},"933b1b41-6862-4ce0-9605-10fa5e4b310c":{"title":"WMV 2Mb (Windows Media Player)","ext":"wmv","params":{"c:a":"wmav2","f":"asf","c:v":"wmv2","b:v":"2000k"},"extra":null,"audioonly":false,"readonly":true},"90195ab2-d891-443c-a164-8f0953ec8975":{"title":"WMV 4Mb (Windows Media Player)","ext":"wmv","params":{"c:a":"wmav2","f":"asf","c:v":"wmv2","b:v":"4000k"},"extra":null,"audioonly":false,"readonly":true},"3a4cc0a6-6eb0-4cff-90fb-fdf8eb6a9571":{"title":"AVI 500Kb (mpeg4/mp3)","ext":"avi","params":{"c:a":"mp3","f":"avi","c:v":"mpeg4","b:v":"500k","b:a":"128k"},"extra":null,"audioonly":false,"readonly":true},"ebdbb895-7a1e-43e2-bef4-be6e62cb8507":{"title":"AVI 1Mb (mpeg4/mp3)","ext":"avi","params":{"c:a":"mp3","f":"avi","c:v":"mpeg4","b:v":"1000k","b:a":"128k"},"extra":null,"audioonly":false,"readonly":true},"0b6280d3-f8f2-4cb6-8235-a5a4b91488f7":{"title":"AVI 2Mb (mpeg4/mp3)","ext":"avi","params":{"c:a":"mp3","f":"avi","c:v":"mpeg4","b:v":"2000k","b:a":"128k"},"extra":null,"audioonly":false,"readonly":true},"9ea8a22b-5738-4d0f-8494-3037ec568191":{"title":"AVI 4Mb (mpeg4/mp3)","ext":"avi","params":{"c:a":"mp3","f":"avi","c:v":"mpeg4","b:a":"128k"},"extra":null,"audioonly":false,"readonly":true},"4174b9dd-c2a0-409d-801d-c84f96be0b76":{"title":"MP3","ext":"mp3","params":{"b:a":"128k","c:a":"mp3","f":"mp3"},"extra":null,"audioonly":true,"readonly":true},"05cb6b27-9167-4d83-833d-218a107d0376":{"title":"MP3 HQ","ext":"mp3","params":{"b:a":"256k","c:a":"mp3","f":"mp3"},"extra":null,"audioonly":true,"readonly":true},"69397f64-54f2-4ee4-b47a-b4fc42ee2ec1":{"title":"MP4 500Kb","ext":"mp4","params":{"c:v":"mpeg4","c:a":"aac","f":"mp4","b:v":"500k","b:a":"128k","ac":2},"extra":"-mbd rd -flags +mv4+aic -trellis 2 -cmp 2 -subcmp 2 -g 300","audioonly":false,"readonly":true},"16044db3-3b75-4155-b549-c0ba19c18887":{"title":"MP4 1Mb","ext":"mp4","params":{"c:v":"mpeg4","c:a":"aac","f":"mp4","b:v":"1000k","b:a":"128k","ac":2},"extra":"-mbd rd -flags +mv4+aic -trellis 2 -cmp 2 -subcmp 2 -g 300","audioonly":false,"readonly":true},"b5535083-bf16-4ae0-a21f-7c637ce0617f":{"title":"MP4 2Mb","ext":"mp4","params":{"c:v":"mpeg4","c:a":"aac","f":"mp4","b:v":"2000k","b:a":"128k","ac":2},"extra":"-mbd rd -flags +mv4+aic -trellis 2 -cmp 2 -subcmp 2 -g 300","audioonly":false,"readonly":true},"dfbed97f-46c9-4db8-b5d1-4d19901bc236":{"title":"MP4 4Mb","ext":"mp4","params":{"c:v":"mpeg4","c:a":"aac","f":"mp4","b:v":"4000k","b:a":"128k","ac":2},"extra":"-mbd rd -flags +mv4+aic -trellis 2 -cmp 2 -subcmp 2 -g 300","audioonly":false,"readonly":true},"912806c1-6c43-44ad-ac6e-05f105bade55":{"title":"iPhone","ext":"m4v","params":{"c:v":"mpeg4","c:a":"aac","s":"480x320","b:v":"800k","f":"mp4","r":"24","b:a":"128k"},"extra":null,"audioonly":false,"readonly":true},"2416dcbf-146d-4ca4-b948-f6f702fb043c":{"title":"iPod","ext":"m4v","params":{"c:v":"mpeg4","c:a":"aac","s":"320x240","b:v":"500k","f":"mp4","r":"24","b:a":"128k"},"extra":null,"audioonly":false,"readonly":true},"42fb9cf9-94f9-45c1-954f-1c5879f3d372":{"title":"Galaxy Tab","ext":"mp4","params":{"c:a":"aac","b:a":"160k","ac":"2","c:v":"h264","f":"mp4"},"extra":"-crf 22","audioonly":false,"readonly":true},"edf545c2-88fc-4354-b91d-83e2f31d3c14":{"title":"MOV (QuickTime player)","ext":"mov","params":{"f":"mov","c:v":"h264","preset":"fast","profile:v":"baseline","c:a":"aac","b:a":"128k"},"extra":null,"audioonly":false,"readonly":true},"f31ac68e-db3b-4b17-95d7-04456cbc3c26":{"title":"Mobile 3GP (Qcif)","ext":"3gp","params":{"f":"3gp","c:v":"h263","c:a":"aac","b:a":"12k","s":"176x144","b:v":"64k","ar":"8000","r":"24"},"extra":null,"audioonly":false,"readonly":true},"85cd71a0-fb61-45a4-9fed-6f2e6e405bc3":{"title":"MPEG-2 DVD (PAL)","ext":"mpeg","params":{"f":"mpeg2video","target":"pal-dvd"},"extra":null,"audioonly":false,"readonly":true},"47b9b2eb-8fd4-4e10-8993-f7d467ed1928":{"title":"MPEG-2 DVD (NTSC)","ext":"mpeg","params":{"f":"mpeg2video","target":"ntsc-dvd"},"extra":null,"audioonly":false,"readonly":true}},"license":{"status":"unneeded"},"rules":[]},"variants":{"full":{"tbvws:22":{"extension":"mp4","quality":"hd720","audioCodec":"+mp4a.40.2","videoCodec":"avc1.64001F","enabled":true,"label":"MP4 - 1280x720","size":"1280x720"},"tbvws:18":{"extension":"mp4","quality":"medium","audioCodec":"+mp4a.40.2","videoCodec":"avc1.42001E","enabled":true,"label":"MP4 - 480x360","size":"480x360"},"tbvws:43":{"extension":"webm","quality":"medium","audioCodec":"+vorbis","videoCodec":"vp8.0","enabled":true,"label":"WEBM - 480x360","size":"480x360"},"tbvws:5":{"extension":"flv","quality":"small","audioCodec":null,"videoCodec":null,"enabled":true,"label":"FLV - 320x240","size":"320x240"},"tbvws:36":{"extension":"3gpp","quality":"small","audioCodec":"+mp4a.40.2","videoCodec":"mp4v.20.3","enabled":true,"label":"3GPP - 320x240","size":"320x240"},"tbvws:17":{"extension":"3gpp","quality":"small","audioCodec":"+mp4a.40.2","videoCodec":"mp4v.20.3","enabled":true,"label":"3GPP - 176x144","size":"176x144"},"tfvws:1080-0":{"extension":"mp4","audioCodec":null,"videoCodec":null,"enabled":true,"size":"1920x1080","label":"H264_1920x1080 -MP4"},"tfvws:720-0":{"extension":"mp4","audioCodec":null,"videoCodec":null,"enabled":true,"size":"1280x720","label":"H264_1280x720 -MP4"},"tfvws:480-0":{"extension":"mp4","audioCodec":null,"videoCodec":null,"enabled":true,"size":"848x480","label":"H264_848x480 -MP4"},"tfvws:380-0":{"extension":"mp4","audioCodec":null,"videoCodec":null,"enabled":true,"size":"512x384","label":"H264_512x384 -MP4"},"tfvws:240-0":{"extension":"mp4","audioCodec":null,"videoCodec":null,"enabled":true,"size":"320x240","label":"H264_320x240 -MP4"}},"full_list":["tbvws:22","tbvws:18","adp:1","tbvws:5","tbvws:17","adp:2","tbvws:43","tbvws:36","tfvws:1080-0","tfvws:720-0","tfvws:480-0","tfvws:380-0","tfvws:240-0","adp:3","adp:4"],"adp_audio":{"140":{"extension":"mp4","bitRate":"127856","codec":"mp4a.40.2"},"171":{"extension":"webm","bitRate":"133658","fps":"1","codec":"vorbis"},"249":{"extension":"webm","bitRate":"54276","codec":"opus"},"250":{"extension":"webm","bitRate":"73099","codec":"opus"},"251":{"extension":"webm","bitRate":"174600","codec":"opus"}},"adp_video":{"133":{"extension":"mp4","size":"320x240","bitRate":"248086","fps":"30","codec":"avc1.4d400d"},"134":{"extension":"mp4","size":"640x360","bitRate":"338730","fps":"30","codec":"avc1.4d401e"},"135":{"extension":"mp4","size":"854x480","bitRate":"721213","fps":"30","codec":"avc1.4d401f"},"136":{"extension":"mp4","size":"1280x720","bitRate":"1124376","fps":"30","codec":"avc1.4d401f"},"137":{"extension":"mp4","size":"1920x1080","bitRate":"4137966","fps":"30","codec":"avc1.640028"},"160":{"extension":"mp4","size":"192x144","bitRate":"111449","fps":"15","codec":"avc1.4d400c"},"242":{"extension":"webm","size":"320x240","bitRate":"180842","fps":"1","codec":"vp9"},"243":{"extension":"webm","size":"320x240","bitRate":"332350","fps":"1","codec":"vp9"},"244":{"extension":"webm","size":"854x480","bitRate":"419080","fps":"30","codec":"vp9"},"247":{"extension":"webm","size":"1280x720","bitRate":"877134","fps":"30","codec":"vp9"},"248":{"extension":"webm","size":"1920x1080","bitRate":"2835123","fps":"30","codec":"vp9"},"264":{"extension":"mp4","size":"2560x1440","bitRate":"9957081","fps":"25","codec":"avc1.640032"},"266":{"extension":"mp4","size":"3840x2160","bitRate":"22215059","fps":"25","codec":"avc1.640033"},"271":{"extension":"webm","size":"2560x1440","bitRate":"9227182","fps":"25","codec":"vp9"},"278":{"extension":"webm","size":"256x144","bitRate":"96779","fps":"1","codec":"vp9"},"298":{"extension":"mp4","size":"1280x720","bitRate":"3317977","fps":"60","codec":"avc1.4d4020"},"299":{"extension":"mp4","size":"1920x1080","bitRate":"5546416","fps":"60","codec":"avc1.64002a"},"302":{"extension":"webm","size":"1280x720","bitRate":"3752347","fps":"60","codec":"vp9"},"303":{"extension":"webm","size":"1920x1080","bitRate":"6088401","fps":"60","codec":"vp9"},"313":{"extension":"webm","size":"3840x2160","bitRate":"22856955","fps":"25","codec":"vp9"}},"adp_list":["266/140","264/140","137/140","136/140","266/171","264/171","137/171","136/171","248/140","248/171","299/140","299/171","303/140","303/171","247/140","247/171","298/140","298/171","302/140","302/171","135/140","135/171","244/140","244/171","134/140","134/171","133/140","243/171","242/140","243/140","242/171","133/171","278/140","278/171","160/140","160/171","264/","133/","242/","243/","160/","/140","/171","136/","247/","135/","244/","134/","137/","248/","278/","299/","303/","298/","302/","266/","313/140","313/171","313/","271/140","271/171","271/","133/249","134/249","135/249","136/249","137/249","160/249","242/249","243/249","244/249","247/249","248/249","264/249","266/249","271/249","278/249","298/249","299/249","302/249","303/249","313/249","/249","133/250","134/250","135/250","136/250","137/250","160/250","242/250","243/250","244/250","247/250","248/250","264/250","266/250","271/250","278/250","298/250","299/250","302/250","303/250","313/250","/250","133/251","134/251","135/251","136/251","137/251","160/251","242/251","243/251","244/251","247/251","248/251","264/251","266/251","271/251","278/251","298/251","299/251","302/251","303/251","313/251","/251"]},"blacklist":{},"smartnames":{}}