{"schema":5,"addons":[{"id":"langpack-en-ZA@firefox.mozilla.org","icons":{"32":"https://addons.cdn.mozilla.net/user-media/addon_icons/6/6180-32.png?modified=1358351591","64":"https://addons.cdn.mozilla.net/user-media/addon_icons/6/6180-64.png?modified=1358351591"},"name":"English (South African) Language Pack","type":"locale","version":"47.0","repositoryStatus":4,"creator":{"name":"Dwayne Bailey","url":"https://addons.mozilla.org/pt-PT/firefox/user/dwayne-bailey/?src=api"},"developers":[{"name":"Translate.org.za","url":"https://addons.mozilla.org/pt-PT/firefox/user/translateorgza/?src=api"},{"name":"Mozilla","url":"https://addons.mozilla.org/pt-PT/firefox/user/mozilla/?src=api"}],"description":"Adds South African English language support to the Firefox browser. All interfaces will be translated into South African English.","fullDescription":"Translation of the Firefox user interface into South African English by http://translate.org.za.\n\nIf you find missing translations or incorrect translations then visit http://pootle.translate.org.za and please contribute a correction.","isPlatformCompatible":true,"eula":null,"averageRating":1,"learnmoreURL":"https://addons.mozilla.org/pt-PT/firefox/addon/english-south-african-language/?src=api","homepageURL":"http://translate.org.za/content/view/15/31/lang,en/","sourceURI":"https://addons.mozilla.org/firefox/downloads/file/449665/english_south_african_language_pack-47.0-fx.xpi?src=api","size":428694,"developerComments":null,"reviewURL":"https://addons.mozilla.org/pt-PT/firefox/addon/english-south-african-language/reviews/?src=api","reviewCount":1,"totalDownloads":97907,"weeklyDownloads":15,"dailyUsers":97907,"updateDate":1465303410000,"supportURL":null},{"id":"2.0@disconnect.me","icons":{"32":"https://addons.cdn.mozilla.net/user-media/addon_icons/464/464050-32.png?modified=1445350802","64":"https://addons.cdn.mozilla.net/user-media/addon_icons/464/464050-64.png?modified=1445350802"},"name":"Disconnect","type":"extension","version":"3.15.3.1-signed.1-signed","repositoryStatus":4,"creator":{"name":"Disconnect","url":"https://addons.mozilla.org/pt-PT/firefox/user/disconnect/?src=api"},"description":"Make the web faster, more private, and more secure.","fullDescription":"Disconnect, named one of the 100 best innovations of the year by Popular Science and one of the 20 best Firefox add-ons by Lifehacker, lets you visualize and block the otherwise invisible websites that track your search and browsing history.\n\n▪ Load the pages you go to 27% faster.\n\n▪ Stop tracking by 2,000+ third-party sites.\n\nDisconnect is open-source, pay-what-you-want software. You can get help on our site.\n\nNote about using Disconnect with other filtering add-ons like Adblock Plus: Disconnect is compatible with other filtering add-ons, but if you want Disconnect to show blocking info, uninstall then reinstall any other filtering add-ons you have (i.e., Disconnect must be added first).\n\nP.S. Green (or checked) means blocked!","isPlatformCompatible":true,"eula":null,"screenshots":[{"url":"https://addons.cdn.mozilla.net/user-media/previews/full/146/146888.png?src=api&modified=1445350802","width":"700","height":"438","thumbnailURL":"https://addons.cdn.mozilla.net/user-media/previews/thumbs/146/146888.png?src=api&modified=1445350802","thumbnailWidth":"200","thumbnailHeight":"125","caption":"Stop over 2,000 third-party sites from tracking the pages you go to and searches you do."},{"url":"https://addons.cdn.mozilla.net/user-media/previews/full/166/166964.png?src=api&modified=1445350803","width":"296","height":"525","thumbnailURL":"https://addons.cdn.mozilla.net/user-media/previews/thumbs/166/166964.png?src=api&modified=1445350803","thumbnailWidth":"85","thumbnailHeight":"150"}],"averageRating":4,"learnmoreURL":"https://addons.mozilla.org/pt-PT/firefox/addon/disconnect/?src=api","homepageURL":"https://disconnect.me/","sourceURI":"https://addons.mozilla.org/firefox/downloads/file/295648/disconnect-3.15.3-fx.xpi?src=api","size":964049,"developerComments":null,"reviewURL":"https://addons.mozilla.org/pt-PT/firefox/addon/disconnect/reviews/?src=api","reviewCount":180,"totalDownloads":3036160,"weeklyDownloads":5834,"dailyUsers":286688,"updateDate":1422447151000,"supportURL":"https://disconnect.me/disconnect/help"},{"id":"langpack-pt-PT@firefox.mozilla.org","icons":{"32":null,"64":null},"name":"Português Portugal Language Pack","type":"locale","version":"47.0","repositoryStatus":4,"creator":{"name":"Mozilla","url":"https://addons.mozilla.org/pt-PT/firefox/user/mozilla/?src=api"},"description":null,"fullDescription":null,"isPlatformCompatible":true,"eula":null,"averageRating":5,"learnmoreURL":"https://addons.mozilla.org/pt-PT/firefox/addon/portugu%C3%AAs-portugal-language/?src=api","homepageURL":"https://addons.mozilla.org/pt-PT/firefox/addon/portugu%C3%AAs-portugal-language/?src=api","sourceURI":"https://addons.mozilla.org/firefox/downloads/file/449705/portugues_portugal_language_pack-47.0-fx.xpi?src=api","size":452682,"developerComments":null,"reviewURL":"https://addons.mozilla.org/pt-PT/firefox/addon/portugu%C3%AAs-portugal-language/reviews/?src=api","reviewCount":1,"totalDownloads":90805,"weeklyDownloads":96,"dailyUsers":90805,"updateDate":1465303429000,"supportURL":null},{"id":"uBlock0@raymondhill.net","icons":{"32":"https://addons.cdn.mozilla.net/user-media/addon_icons/607/607454-32.png?modified=1462180816","64":"https://addons.cdn.mozilla.net/user-media/addon_icons/607/607454-64.png?modified=1462180816"},"name":"uBlock Origin","type":"extension","version":"1.7.0","repositoryStatus":4,"creator":{"name":"Raymond Hill","url":"https://addons.mozilla.org/pt-PT/firefox/user/gorhill/?src=api"},"description":"Finalmente, um bloqueador eficiente. Leve na CPU e memória.","fullDescription":"Um bloqueador eficiente: leve na memória e CPU e, no entanto, consegue carregar e aplicar milhares de filtros a mais do que outros bloqueadores populares disponíveis.\n\nVisão geral ilustrada da sua eficiência:\nhttps://github.com/gorhill/uBlock/wiki/uBlock-vs.-ABP:-efficiency-compared\n\nUtilização: O botão grande de energia na janela serve para desativar ou ativar, permanentemente, o uBlock para o sítio web atual. Aplica-se unicamente ao sítio web atual, não sendo um botão de energia global.\n\n***\n\nFlexível, é mais do que um bloqueador de anúncios. Pode também ler e criar filtros a partir de ficheiros de servidores.\n\nPor predefinição, estas listas de filtros são carregadas e aplicadas:\n\n- EasyList\n- Peter Lowe’s Ad server list\n- EasyPrivacy\n- Malware domains\n\nSe quiser, estão disponíveis mais listas para seleção:\n\n- Fanboy’s Enhanced Tracking List\n- Dan Pollock’s hosts file\n- hpHosts’s Ad and tracking servers\n- MVPS HOSTS\n- Spam404\n- E muitas mais\n\nObviamente que quanto maior o número de filtros ativos, maior será o consumo de memória. No entanto, mesmo após adicionar as duas listas extra do Fanboy, hpHosts Ad and tracking servers, o uBlock₀ continua a consumir menos memória do que outros bloqueadores populares disponíveis.\n\nEsteja ciente de que se selecionar mais listas extra pode resultar numa probabilidade acrescida de rutura em alguns sítios web -- especialmente nas listas que, normalmente, são utilizadas como ficheiros de servidores.\n\n***\n\nSem as listas de filtros predefinidas, esta extensão não é nada. Se realmente quiser contribuir com algo, pense nas pessoas que trabalham duro para manter as listas de filtros que usa, que foram tornadas disponíveis para uso por todos sem custos.\n\n***\n\nGrátis.\nCódigo aberto com licença pública (GPLv3)\nDe utilizadores para utilizadores.\n\nContribuidores @ Github: https://github.com/gorhill/uBlock/graphs/contributors\nContribuidores @ Crowdin: https://crowdin.net/project/ublock\n\n***\n\nEsta é uma versão inicial, tenha isso em mente quando avaliar.\n\nRegisto de alterações do projeto:\nhttps://github.com/gorhill/uBlock/releases","isPlatformCompatible":true,"eula":null,"screenshots":[{"url":"https://addons.cdn.mozilla.net/user-media/previews/full/157/157572.png?src=api&modified=1433479123","width":"640","height":"480","thumbnailURL":"https://addons.cdn.mozilla.net/user-media/previews/thumbs/157/157572.png?src=api&modified=1433479123","thumbnailWidth":"200","thumbnailHeight":"150","caption":"Default mode"},{"url":"https://addons.cdn.mozilla.net/user-media/previews/full/157/157576.png?src=api&modified=1433479123","width":"640","height":"480","thumbnailURL":"https://addons.cdn.mozilla.net/user-media/previews/thumbs/157/157576.png?src=api&modified=1433479123","thumbnailWidth":"200","thumbnailHeight":"150","caption":"The dashboard: stock filter lists"},{"url":"https://addons.cdn.mozilla.net/user-media/previews/full/157/157592.png?src=api&modified=1433479123","width":"640","height":"480","thumbnailURL":"https://addons.cdn.mozilla.net/user-media/previews/thumbs/157/157592.png?src=api&modified=1433479123","thumbnailWidth":"200","thumbnailHeight":"150","caption":"Dynamic filtering allows default-deny mode"},{"url":"https://addons.cdn.mozilla.net/user-media/previews/full/159/159634.png?src=api&modified=1433479123","width":"640","height":"480","thumbnailURL":"https://addons.cdn.mozilla.net/user-media/previews/thumbs/159/159634.png?src=api&modified=1433479123","thumbnailWidth":"200","thumbnailHeight":"150","caption":"The dashboard: settings"},{"url":"https://addons.cdn.mozilla.net/user-media/previews/full/158/158734.png?src=api&modified=1433479123","width":"700","height":"525","thumbnailURL":"https://addons.cdn.mozilla.net/user-media/previews/thumbs/158/158734.png?src=api&modified=1433479123","thumbnailWidth":"200","thumbnailHeight":"150","caption":"Unified logger"}],"averageRating":5,"learnmoreURL":"https://addons.mozilla.org/pt-PT/firefox/addon/ublock-origin/?src=api","homepageURL":"https://addons.mozilla.org/pt-PT/firefox/addon/ublock-origin/?src=api","sourceURI":"https://addons.mozilla.org/firefox/downloads/file/432957/ublock_origin-1.7.0-sm+tb+fx+an.xpi?src=api","size":1460528,"developerComments":null,"reviewURL":"https://addons.mozilla.org/pt-PT/firefox/addon/ublock-origin/reviews/?src=api","reviewCount":537,"totalDownloads":5824194,"weeklyDownloads":54823,"dailyUsers":1240900,"updateDate":1462179339000,"supportURL":"https://discourse.mozilla-community.org/t/support-ublock-origin/6746"},{"id":"{b9db16a4-6edc-47ec-a1f4-b86292ed211d}","icons":{"32":"https://addons.cdn.mozilla.net/user-media/addon_icons/3/3006-32.png?modified=1465210690","64":"https://addons.cdn.mozilla.net/user-media/addon_icons/3/3006-64.png?modified=1465210690"},"name":"Video DownloadHelper","type":"extension","version":"5.6.1","repositoryStatus":4,"creator":{"name":"mig","url":"https://addons.mozilla.org/pt-PT/firefox/user/mig/?src=api"},"description":"The easy way to download and convert Web videos from hundreds of YouTube-like sites.","fullDescription":"Video DownloadHelper is the most complete tool to extract videos and image files from Web sites and save them to your hard drive.\n\nJust surf the Web as you are used to, when DownloadHelper detects it can do something for you, the toolbar icon highlights and a menu allows you to download files by simply clicking an item.\n\nFor instance, if you go to a YouTube page, you'll be able to download the video directly on your file system. It also works with most video sites like DailyMotion, Facebook, Periscope, Vimeo, Twitch, Liveleak, Vine, UStream, Fox, Bloomberg, RAI, France 2-3, Break, Metacafe and thousands others.\n\nVideo DownloadHelper supports several types of streamings, making the add-on unique amongst Video downloaders: HTTP, MP2T, F4F, … Whenever a site uses a non-supported streaming technology, Video DownloadHelper is also able to capture directly from the screen and generate a video file out of it.\n\nAs a bonus, Video DownloadHelper can also record Twitter Periscope. Just specify search terms and the add-on will capture over night related live streams.\n\nAs another bonus, you can also use Video DownloadHelper to capture a full browsing session, optionally highlighting the mouse position and generate a video file out of it. This is ideal to create Web a site demos as a video.\n\nBesides downloading, Video DownloadHelper is also able to make video conversion (changing audio and video formats) and aggregation (joining separate audio and video to a single file) very easy. This is a commercial feature that helps paying for the free stuff (we need to eat too). You are not compelled to use conversion for downloading videos from web sites, and you can avoid picking variants marked as ADP to avoid the need for aggregation.\n\nWhen you first install the extension, your browser is redirected to a welcome page with links to a user manual at http://www.downloadhelper.net/howto.php.\n\nThis does not change your homepage setting and the welcome page won't appear anymore.\n\nYou may want to watch this video about using Video DownloadHelper 5: https://www.youtube.com/watch?v=xhqUx-b5-bE\n\nSupport can be obtained from http://www.downloadhelper.net/support.php.\n\nIf you want to test developments version, check this forum https://groups.google.com/forum/#!forum/video-downloadhelper-5.\n\nPlease stay tuned by following us on Twitter (@downloadhelper), Google + or Facebook.\n\nIf you enjoy the free service from Video DownloadHelper, we would appreciate a donation (or BTC: 1Eqe8DN6uJwVcHoqyfCPpMy6Q5FzjqcWLZ) or leave a nice review here or on any other media.","isPlatformCompatible":true,"eula":null,"screenshots":[{"url":"https://addons.cdn.mozilla.net/user-media/previews/full/25/25993.png?src=api&modified=1426260067","width":"200","height":"150","thumbnailURL":"https://addons.cdn.mozilla.net/user-media/previews/thumbs/25/25993.png?src=api&modified=1426260067","thumbnailWidth":"200","thumbnailHeight":"150","caption":"Video DownloadHelper"},{"url":"https://addons.cdn.mozilla.net/user-media/previews/full/154/154820.png?src=api&modified=1426260067","width":"327","height":"124","thumbnailURL":"https://addons.cdn.mozilla.net/user-media/previews/thumbs/154/154820.png?src=api&modified=1426260067","thumbnailWidth":"200","thumbnailHeight":"76","caption":"Video DownloadHelper animated toobar icon"},{"url":"https://addons.cdn.mozilla.net/user-media/previews/full/154/154824.png?src=api&modified=1426260067","width":"250","height":"200","thumbnailURL":"https://addons.cdn.mozilla.net/user-media/previews/thumbs/154/154824.png?src=api&modified=1426260067","thumbnailWidth":"188","thumbnailHeight":"150","caption":"Video DownloadHelper main panel"},{"url":"https://addons.cdn.mozilla.net/user-media/previews/full/154/154822.png?src=api&modified=1426260067","width":"361","height":"289","thumbnailURL":"https://addons.cdn.mozilla.net/user-media/previews/thumbs/154/154822.png?src=api&modified=1426260067","thumbnailWidth":"187","thumbnailHeight":"150","caption":"Video DownloadHelper main panel"},{"url":"https://addons.cdn.mozilla.net/user-media/previews/full/154/154826.png?src=api&modified=1426260067","width":"320","height":"317","thumbnailURL":"https://addons.cdn.mozilla.net/user-media/previews/thumbs/154/154826.png?src=api&modified=1426260067","thumbnailWidth":"151","thumbnailHeight":"150","caption":"Video DownloadHelper available actions"},{"url":"https://addons.cdn.mozilla.net/user-media/previews/full/154/154828.png?src=api&modified=1426260067","width":"293","height":"250","thumbnailURL":"https://addons.cdn.mozilla.net/user-media/previews/thumbs/154/154828.png?src=api&modified=1426260067","thumbnailWidth":"176","thumbnailHeight":"150","caption":"Video DownloadHelper quality variants settings"}],"averageRating":4,"learnmoreURL":"https://addons.mozilla.org/pt-PT/firefox/addon/video-downloadhelper/?src=api","homepageURL":"http://www.downloadhelper.net/","sourceURI":"https://addons.mozilla.org/firefox/downloads/file/441634/video_downloadhelper-5.6.1-fx.xpi?src=api","size":698536,"developerComments":null,"reviewURL":"https://addons.mozilla.org/pt-PT/firefox/addon/video-downloadhelper/reviews/?src=api","reviewCount":6562,"totalDownloads":210327676,"weeklyDownloads":99338,"dailyUsers":4480056,"updateDate":1463981032000,"supportURL":"http://www.downloadhelper.net/support.php"},{"id":"langpack-pt-BR@firefox.mozilla.org","icons":{"32":"https://addons.cdn.mozilla.net/user-media/addon_icons/4/4851-32.png?modified=1391771865","64":"https://addons.cdn.mozilla.net/user-media/addon_icons/4/4851-64.png?modified=1391771865"},"compatibilityOverrides":[{"type":"incompatible","minVersion":"0","maxVersion":"10.0.2","appID":"{ec8030f7-c20a-464f-9b0e-13a3a9e97384}","appMinVersion":"10.0a1","appMaxVersion":"*"}],"name":"Interface Português/Brasil [pt-BR]","type":"locale","version":"47.0","repositoryStatus":4,"creator":{"name":"jhultmann","url":"https://addons.mozilla.org/pt-PT/firefox/user/hultmann/?src=api"},"developers":[{"name":"Mozilla","url":"https://addons.mozilla.org/pt-PT/firefox/user/mozilla/?src=api"}],"description":"Tradução do Firefox para o português brasileiro. Complemente a tradução instalando o corretor ortográfico: https://addons.mozilla.org/firefox/addon/corretor/","fullDescription":"Usa um Firefox antigo? Clique, no rodapé da página, “Informações da versão”, “Ver o histórico completo de versões”.\n\nUse esta extensão para traduzir o Mozilla Firefox em inglês para o português. É a mesma tradução do Firefox pt-BR.\n\nUse a extensão Locale Switcher para alternar entre os idiomas instalados. Para mais detalhes clique no link da homepage.","isPlatformCompatible":true,"eula":null,"averageRating":5,"learnmoreURL":"https://addons.mozilla.org/pt-PT/firefox/addon/firefox-br/?src=api","homepageURL":"http://br.mozdev.org/firefox/idiomas","sourceURI":"https://addons.mozilla.org/firefox/downloads/file/449713/interface_portuguesbrasil_pt_br-47.0-fx.xpi?src=api","size":465140,"developerComments":null,"reviewURL":"https://addons.mozilla.org/pt-PT/firefox/addon/firefox-br/reviews/?src=api","reviewCount":27,"totalDownloads":1138671,"weeklyDownloads":719,"dailyUsers":808391,"updateDate":1465303431000,"supportURL":null},{"id":"jid1-qj0w91o64N7Eeg@jetpack","icons":{"32":"https://addons.cdn.mozilla.net/user-media/addon_icons/438/438608-32.png?modified=1454559615","64":"https://addons.cdn.mozilla.net/user-media/addon_icons/438/438608-64.png?modified=1454559615"},"name":"YouTube ALL HTML5","type":"extension","version":"3.0.3","repositoryStatus":4,"creator":{"name":"Klemens Schölhorn","url":"https://addons.mozilla.org/pt-PT/firefox/user/klemens/?src=api"},"description":"Play all videos on youtube without flash in your preferred size using only HTML5.","fullDescription":"With this addon you can play all videos on YouTube without Flash in the size and quality you want.\n\nFeatures\n\n    Change the size and/or the quality (independently) of the video (manually or automatically)\n    Select different methods to force the HTML5 player (no longer necessary in recent versions of firefox)\n    Disable Flash only on YouTube\n    Disable the YouTube SPF function (active by default)\n    Workaround for the volume bug\n\n\nCurrent problems\n\n    Some changes in the addon settings only take effect after a restart of Firefox\n\n\nFirefox HTML5 support\n\nYou need to have H264 and MSE enabled for full HTML5 support. If you don't have MSE enabled, there will only be 360p and 720p available. Without H264 most videos will only offer a 360p version.\n\n    H264 support:\n        Windows XP: not supported and will not be\n        Windows Vista+: supported since firefox 22\n        Linux: Supported since firefox 26 using gstreamer (you need to install the relevant packages for your distribution and set media.gstreamer.enabled to true in about:config)\n        MacOS: supported since firefox 35\n    MSE support:\n        Windows XP: not supported and will not be\n        Windows Vista+: supported since firefox 37\n        Linux: Supported in current versions using ffmpeg (you need to install the relevant ffmpeg package for your distribution and set media.mediasource.enabled, media.fragmented-mp4.exposed and media.fragmented-mp4.ffmpeg.enabled to true in about:config)\n        MacOS: supported since firefox 38","isPlatformCompatible":true,"eula":null,"screenshots":[{"url":"https://addons.cdn.mozilla.net/user-media/previews/full/99/99644.png?src=api&modified=1443353120","width":"600","height":"490","thumbnailURL":"https://addons.cdn.mozilla.net/user-media/previews/thumbs/99/99644.png?src=api&modified=1443353120","thumbnailWidth":"184","thumbnailHeight":"150","caption":"Enjoy videos in HTML5 and in your favourite size and quality!"},{"url":"https://addons.cdn.mozilla.net/user-media/previews/full/114/114498.png?src=api&modified=1443353120","width":"600","height":"398","thumbnailURL":"https://addons.cdn.mozilla.net/user-media/previews/thumbs/114/114498.png?src=api&modified=1443353120","thumbnailWidth":"200","thumbnailHeight":"133","caption":"Addon settings (accessible through the button or directly in the Addon Manager)"}],"averageRating":4,"learnmoreURL":"https://addons.mozilla.org/pt-PT/firefox/addon/youtube-all-html5/?src=api","homepageURL":"https://addons.mozilla.org/pt-PT/firefox/addon/youtube-all-html5/?src=api","sourceURI":"https://addons.mozilla.org/firefox/downloads/file/394667/youtube_all_html5-3.0.3-fx.xpi?src=api","size":51834,"contributionURL":"https://addons.mozilla.org/pt-PT/firefox/addon/youtube-all-html5/developers?src=api","contributionAmount":null,"developerComments":null,"reviewURL":"https://addons.mozilla.org/pt-PT/firefox/addon/youtube-all-html5/reviews/?src=api","reviewCount":150,"totalDownloads":1613034,"weeklyDownloads":2534,"dailyUsers":116592,"updateDate":1454558674000,"supportURL":"https://github.com/klemens/ff-youtube-all-html5"},{"id":"{d40f5e7b-d2cf-4856-b441-cc613eeffbe3}","icons":{"32":"https://addons.cdn.mozilla.net/user-media/addon_icons/6/6623-32.png?modified=1462353616","64":"https://addons.cdn.mozilla.net/user-media/addon_icons/6/6623-64.png?modified=1462353616"},"compatibilityOverrides":[{"type":"incompatible","minVersion":"0","maxVersion":"1.68.1-signed","appID":"{ec8030f7-c20a-464f-9b0e-13a3a9e97384}","appMinVersion":"42.0a1","appMaxVersion":"*"},{"type":"incompatible","minVersion":"1.67","maxVersion":"1.67","appID":"{ec8030f7-c20a-464f-9b0e-13a3a9e97384}","appMinVersion":"10.0a1","appMaxVersion":"*"}],"name":"BetterPrivacy-signed","type":"extension","version":"1.74","repositoryStatus":4,"creator":{"name":"IKRG","url":"https://addons.mozilla.org/pt-PT/firefox/user/Netcat/?src=api"},"description":"Remove or manage a new and uncommon kind of cookies, better known as LSO's.The BetterPrivacy safeguard offers various ways to handle Flash-cookies set by Google, YouTube, Ebay and others...","fullDescription":"****************\n- If you have problems or suggestions please do not post it here but send an email\n- This add-on is guaranteed to work only with the official Firefox release branch, meaning nightly-versions or other beta releases are not explicitly supported (even including ESR-versions).\n****************\n\nBetter Privacy serves to protect against special longterm cookies, a new generation of 'Super-Cookie', which silently conquered the Internet. This new cookie generation offers unlimited user tracking to industry and market research. Concerning privacy Flash-cookies are most critical.\nThis add-on was made to make users aware of those hidden, never expiring objects and to offer an easier way to view and to manage them - since browsers are unable to do that for you.\n\nFlash-cookies (Local Shared Objects, LSO) are pieces of information placed on your computer by a Flash plug-in. Those Super-Cookies are placed in central system folders. They are frequently used like standard browser cookies. Although their threat potential is much higher as of conventional cookies, only few users began to take notice of them.\n\nBetterPrivacy allows to list and manage Flash-cookies, e.g. to remove those objects automatically on browser start, browser exit or by a configurable timer function while certain desired Flash cookies can be excluded from automatic deletion. So this extension becomes sort of \"install and forget add-on\". Usually automatic deletion is safe (no negative impact on your browsing), especially if the deletion timer is activated. The timer can delay automatic deletion for new or modified Flash-cookies which might be in use. It also allows to delete those objects immediately if desired. Users who wish to to manage all Flash-cookies manually can disable the automatic functions or exclude certain Flash-cookies from automatic deletion.\n\nSome Flash-cookie (LSO) properties in short...\n- they are never expiring - staying on your computer for an unlimited time.\n- by default they offer a storage of 100 KB (compare: Usual cookies 4 KB).\n- browsers are not fully aware of LSO's, They often cannot be displayed or managed by browsers.\n- via Flash they can access and store highly specific personal and technical information (system, user name, files,...).\n- ability to send the stored information to the appropriate server, without user's permission.\n- Flash applications do not need to be visible\n- there is no easy way to tell which Flash-cookie sites are tracking you.\n- shared folders allow cross-browser tracking, LSO's work in every flash-enabled application\n- the Flash company doesn't provide a user-friendly way to manage LSO's, In fact it's incredible cumbersome.\n- many domains and tracking companies make extensive use of Flash-cookies.\nThis kind of cookies is not harmless.\n\n\n\n------------------------- IMPORTANT -------------------------\nIF YOU PERMIT DELETION OF LSO's,\nTHEN COOKIE-STORED INFORMATION LIKE\nGAME SETTINGS OR LOGIN DATA (YAHOO SEAL)\nMIGHT BE LOST! MAKE SURE THAT YOU EXCLUDED\nIMPORTANT COOKIES FROM DELETION (SEE FAQ)\n\n\n\nFrequently asked questions (FAQ):\nPlease scroll to the bottom of the page.\n\nRecommended comprehensive Flash-cookie article (topic: UC Berkeley research report)\nhttp://www.wired.com/epicenter/2009/08/you-deleted-your-cookies-think-again/\n\nWikipedia LSO information:\nhttp://en.wikipedia.org/wiki/Local_Shared_Object\n\nSee what Google finds:\nhttp://google.com/search?q=flash-cookie+super-cookie\n\nOther privacy add-ons strongly recommended:\n1. Self-Destructing Cookies\n2. Decentraleyes: There is a new tracking threat - no longer using any kind of cookies. Tracking companies invented a new and highly effective way to follow web users\n\n\nNote:\nNO SUPPORT POSSIBLE HERE!\nIf you have a problem, please send an email so that I can answer. Do not post your questions in reviews (instead see support email here).","isPlatformCompatible":true,"eula":null,"screenshots":[{"url":"https://addons.cdn.mozilla.net/user-media/previews/full/18/18819.png?src=api&modified=1331218902","width":"370","height":"370","thumbnailURL":"https://addons.cdn.mozilla.net/user-media/previews/thumbs/18/18819.png?src=api&modified=1331218902","thumbnailWidth":"150","thumbnailHeight":"150"}],"averageRating":5,"learnmoreURL":"https://addons.mozilla.org/pt-PT/firefox/addon/betterprivacy/?src=api","homepageURL":"https://addons.mozilla.org/pt-PT/firefox/addon/betterprivacy/?src=api","sourceURI":"https://addons.mozilla.org/firefox/downloads/file/433749/betterprivacy_signed-1.74-fx-linux.xpi?src=api","size":150387,"developerComments":"FAQ:\n\nQ: I notice that when I go to the Flash Player settings manager site I still get a list of visited pages.\n\nA: In default configuration BetterPrivacy does *not* delete the Flash-Player-default cookie. Some users consider the default cookie as important since it keeps Flash-Player update settings as well as some camera or microphone settings. The default cookie also keeps a complete list of all visited LSO pages. However, the stored data associated with those visited pages will be deleted by BetterPrivacy though.\nAs long as the default cookie is kept, Flash-Player's settings-manager still shows a complete list of all visited pages, even if BetterPrivacy deleted all data storing objects. Go to BetterPrivacy's options and check 'Also delete Flash-Player default cookie' in order to remove the list of visited pages as well as the Flash-Player settings.\n\n----------\n\nQ: Error-message: Flash application data folder not found!\n\nA: As noted at the beginning, if you do not have a FLASH-plug-in installed, then you do NOT need BetterPrivacy! Only a Flash-plug-in can place LSO's on your disk. Otherwise make sure that your browser-Flash-plug-in is correctly installed and that it works.\n\n----------\n\nQ: Error-message: BetterPrivacy is searching for your Flash-cookie directory. The search takes longer than expected.\n\nA: In Firefox open BetterPrivacy (Menu->Tools->BetterPrivacy) and enter the correct path of your Flash data directory. Depending on your operating system this should be one of the following paths:\nWindows: %APPDATA%\\Macromedia\\Flash Player\\\nMacintosh: ~/Library/Preferences/Macromedia/Flash Player/\nLinux/Unix: ~/.macromedia/Flash_Player/\n\n----------\n\nQ: Flash has a built-in panel to define storage settings, why should I use an add-on?\nQ: What about the 'Global Privacy Settings panel' located on a fairly hidden company page?\n\nA: The usual Flash control panel only provides an option to set a storage limit on a per site basis. Thus you would need to define a new limit for every single Flash-site you visit. If you look at many different sites a day you easily end up in wasting your time by defining all those limits. Moreover there exist functional Flash embeds that are not visible - so you would not be aware that you missed to define a limit.\nA: You can use it to globally deny storage of web site data - but as storage is disabled it might happen that a LSO powered site denies it's service too. Of course, with global settings you cannot make exceptions. Besides the global LSO there will be stored additional settings LSO's for every Flash site (so some tracking still remains possible). Also be aware that the global settings LSO does not get deleted. Note that the company could have made this global panel available from the right click menu but they didn't. All in all you see that the process for managing permissions is practically unusable.\n\n----------\n\nQ: How to find out how many cookies currently are stored on my computer?\n\nA: Go to BetterPrivacy's options (Firefox tools menu), LSO-manager tab. All currently stored LSOs, if any, are listed there. Note that some sites store their cookies instantly when loading, others not before they are closing.\n\n----------\n\nQ: What might happen if I give permission to delete (some of) my LSOs?\n\nA: It is pretty much the same thing as with usual cookies. In most cases nothing happens. However, to gain all conveniences some services might require you to be tracked. For example they could store some data (e.g. Flash game settings) together with the tracking data itself. They bundle some interesting feature along with tracking data to get you to keep the awful cookie. Read next topic on how to exclude special cookies from deletion.\n\n----------\n\nQ: How to exclude certain LSOs from automatic deletion?\n\nA: Go to BetterPrivacy's options (Firefox tools menu), LSO-manager tab, select the site/cookie folder you want to exclude and press 'Prevent automatic LSO deletion'. Note that you allow tracking with every excluded LSO. Important: Protection means those LSO's are excluded from BetterPrivacy's deletion but the owner web site still can delete them as well as any other programs you might have running!\n\n----------\n\nQ: How to select more than one LSO at a time?\n\nA: With BetterPrivacy you do not need to select multiple LSO's, BetterPrivacy provides a more user-friendly kind of selection: Just highlight those (usually few) LSO's you wish to exclude from deletion and press the \"Prevent automatic LSO deletion\" - button for each excluded LSO. Finally press the \"Remove all\" - button. You will be asked if you wish to delete every LSO or only those which are not excluded.\n\n----------\n\nQ: What means <settings LSO>, <default LSO>, <local LSO>\n\nA: A settings-LSO does not store any data defined by websites, but about those sites: It can store information which is defined by you - the computer user. Therefore each settings-LSO needs to store the website-URL in order to identify the appropriate pages. The user-defined information can be used to determine how the Flash-player should behave on a certain site (e.g. special site volume or camera settings or rules that describe how to handle LSO's on the site). Thus it usually is not necessary to delete this kind of LSO. The user-defined data is not accessible by websites. However, if someone has physical access to your computer (e.g. multi-user system) other locally present users could see which Flash-sites have been visited in the past. The default-LSO is a special settings-LSO storing global (default) settings-data, as well as Flash-player-update settings. This LSO also keeps a complete list of all visited Flash-sites. In BetterPrivacy it is excluded from automatic deletion by default, but you can change this behavior in the BetterPrivacy options. A local-LSO is not stored by a website but by Flash-software installed on your computer.\n\n----------\n\nQ: Does BetterPrivacy block any sites or alter any settings of my Firefox installation?\n\nA: No! BetterPrivacy never modifies web pages! The add-on does not even know that web sites exist. It just looks in the cookie folder on your hard disk at the end of a Firefox session. For sure, if you confirmed to delete some LSOs it might happen that some previously LSO-stored data, e.g. Flash game settings, are lost: It is as like as with usual cookies! To prevent such data loss, see above (How to exclude...). BetterPrivacy also stores some own preferences using a unique name space, just as every add-on does.\n\n----------\n\nQ: Does every Flash application/video place a cookie on my hard disk?\n\nA: No! There are many Flash applications which store nothing on your computer. Though BetterPrivacy will not affect them in any way.\n\n----------\n\nQ: Is Firefox's 'Delete Private Data' function capable of deleting LSOs?\n\nA: Yes, but only since Firefox version 5 and higher. To delete LSOs, Firefox currently uses the the settings for usual cookies. However, there still is no option to exclude certain LSOs from deletion or to see which LSOs have been stored.\n\n----------\n\nQ: Why is it not possible to manage exclusions on a 'per site' basis like e.g. Adblock does?\n\nA: Though it is installed as a plug-in, Flash still runs as an external application on your computer. So Flash does not permit to be intercepted on cookie storage and moreover it's cookies can be accessed only indirectly. Thus an add-on -like BetterPrivacy- can only get limited information, derived from cookies and their folder structure.\n\n----------\n\nQ: Are there other ways to delete those LSOs, not using BetterPrivacy?\n\nA: Yes, for sure! For example...\n- You could write a short script to do this for you, eg. batch or vbs.\n- Objection is an alternate Firefox extension capable of acting like BetterPrivacy.\n- Flash itself provides an option to set a storage limit on a per site basis, but you would need to define a new limit for every Flash-site you visit.\n-You might also use an external 3rd party application which you would need to install on your computer.\n- Finally you can delete the LSO's manually by using a simple file manager. See Wikipedia article, which is mentioned above, for details.\n- Add-ons like 'FlashBlock' do not block Flash-cookies because they only prevent Flash from being displayed but Flash is still loaded. Also FlashBlock and similar add-ons can be defeated by simple HTML code\n\n----------\n\nQ: Why does BetterPrivacy not delete the Asset-cache or Flash folder xyz?\n\nA: BetterPrivacy only deletes privacy related data, that means data that helps to identify the user or computer. Fore sure, data of that kind must also be accessible by web sites. It is a common misunderstanding: The Asset-cache does not store such data.\n\n----------\n\nQ: How to know what LSOs were generated during the session?\n\nA: Open the LSO manager and click the modified column. Then all LSO's are sorted by creation date. You should see the most recent on top.\n\n----------\n\nQ: BetterPrivacy fails to delete LSO's! Is this a bug?\n\nA: No, probably not, there can be several reasons for this behavior, such as:\n\n    In BetterPrivacy the Adobe settings.sol LSO is excluded from deletion by default. If you wish to change that behavior, open BetterPrivacy options and enable the setting 'Always delete the Flash-player default cookie'. Though the default LSO stores a list of visited Flash-Pages, it is not necessarily considered as a privacy threat. Web-pages generally have no access to that list. Sites can only see information of LSO's created and stored by same site.\n    Details: LSO's with name settings.sol are not created by web-pages but by the Flash application running on your local computer. The Flash application needs the settings.sol file to determine the valid origin of LSO's created and stored by web-pages. Settings.sol files also store the volume settings you have choosen for a particular web-page. Information other than that is not stored. Thus settings.sol files are no threat and in BetterPrivacy are excluded from deletion by default. However, users who share their computer with other persons, and both are using the same computer profile could be concerned about privacy. Using the same computer and account it is possible to visit the Adobe online Flash manager and to see what Flash-sites the other user recently visited. For this special situation of multi-user computer profiles it is possible to delete the settings.sol files too.\n    Deleting a LSO does not mean that a Flash application cannot recreate the LSO at any time later or even immediately! Any loaded Flash application is able to recreate LSO's at any time, regardless of an existing Internet connection, regardless of the Flash application's visibility or cache status. Even while closing a web-page tab a LSO can be created. BetterPrivacy does not block LSO's (that's technically not possible in Firefox since plug-ins are independent applications installed directly on your OS) but this add-on uses the much smarter solution of delayed deletion. This allows LSO-dependent Flash applications to work properly without denying their service while any usable tracking capabilities still are prevented.\n    Make sure that you did not accidentally exclude LSO's from deletion.\n    If you quit Firefox while still having web-pages in tabs opened and one one of those pages is capable to store LSOs, it can happen that LSO's will not be deleted (even if BetterPrivacy is configured to delete all LSO's when quitting Firefox). This is caused by a technical limitation of the Mozilla browsers: When you quit e.g. Firefox, BetterPrivacy uses the latest possible chance to delete stored LSO's. However, at that time the web-pages can still be loaded and active, since Firefox sometimes first terminates it's add-ons before it closes all web-pages. Thus a web-page has a chance to store a LSO after add-ons already have been unloaded by Firefox. In other words, BetterPrivacy cannot detect LSO's that are stored at a later time as the beginning of Firefox shutdown. This Firefox behavior has been seen for FF version 3.x and certain browser configurations, however the bug might be fixed in future versions.\n    If this is a problem for you, choose one of the following solutions: Either activate the BetterPrivacy setting to delete LSO's at Firefox startup, or make sure that all web-pages (at least Flash-pages) have been closed before quitting Firefox or file a Firefox bug (e.g. add-ons terminated earlier than plug-ins and web-pages) at bugzilla.mozilla.org.\n\n\n----------\n\nQ: BetterPrivacy deletes LSO's though I protected them! Is this a bug?\n\nA: No, probably not, because even if LSO's have been excluded from automatic deletion in BetterPrivacy, they still can be deleted (this cannot be avoided by an add-on) by any other means at any time for any reason, such as:\n\n    deletion by the Firefox 'Clear Recent History' menu function -or- deletion when quitting Firefox (if the Firefox option 'Clear history when Firefox closes' is activated). Firefox versions 5.0 and higher now are natively capable to remove LSOs. However this built-in native functionality still does not allow to exclude certain LSOs from deletion. The Firefox cookie manager also misses to list which LSOs have been stored, though Firefox does not distinguish LSO's from any usual cookies.\n    deletion by the LSO owner which is the web-site which originally stored the LSO\n    deletion by any other software or script installed on your system, e.g. any privacy software or another browser (MSIE, Chrome, etc) that is capable of deleting LSO's\n    deletion by any other Firefox add-on capable of deleting LSO's\n    manual deletion of a LSO with BetterPrivacy or a system file-manager\n    possible deletion caused by information loss/corruption in case of a Firefox crash\n    deletion if running Firefox with BetterPrivacy on another profile and with other settings\n    Some pages delete and re-create LSO's in different folders on every page (re-)load. In this case please edit the protected folder list and define the parent folder as protected LSO-folder.\n\n\n----------","reviewURL":"https://addons.mozilla.org/pt-PT/firefox/addon/betterprivacy/reviews/?src=api","reviewCount":476,"totalDownloads":11227926,"weeklyDownloads":4264,"dailyUsers":479916,"updateDate":1462350243000,"supportURL":null},{"id":"langpack-en-GB@firefox.mozilla.org","icons":{"32":null,"64":null},"name":"English (GB) Language Pack","type":"locale","version":"47.0","repositoryStatus":4,"creator":{"name":"Mozilla","url":"https://addons.mozilla.org/pt-PT/firefox/user/mozilla/?src=api"},"description":null,"fullDescription":null,"isPlatformCompatible":true,"eula":null,"averageRating":3,"learnmoreURL":"https://addons.mozilla.org/pt-PT/firefox/addon/english-gb-language-pack/?src=api","homepageURL":"https://addons.mozilla.org/pt-PT/firefox/addon/english-gb-language-pack/?src=api","sourceURI":"https://addons.mozilla.org/firefox/downloads/file/449659/english_gb_language_pack-47.0-fx.xpi?src=api","size":439442,"developerComments":null,"reviewURL":"https://addons.mozilla.org/pt-PT/firefox/addon/english-gb-language-pack/reviews/?src=api","reviewCount":17,"totalDownloads":691298,"weeklyDownloads":390,"dailyUsers":691298,"updateDate":1465303407000,"supportURL":null},{"id":"loop@mozilla.org","icons":{"32":null,"64":null},"name":"Firefox Hello Beta","type":"extension","version":"1.4.0","repositoryStatus":4,"creator":{"name":"Standard8","url":"https://addons.mozilla.org/pt-PT/firefox/user/standard8/?src=api"},"developers":[{"name":"Ian Bicking","url":"https://addons.mozilla.org/pt-PT/firefox/user/ianb/?src=api"}],"description":"The latest beta test version of Firefox Hello","fullDescription":"Firefox Hello is looking at addressing user needs via web sharing in Firefox.\n\nThis add-on is the latest version of the current in-development work that is released before the Firefox Hello is updated in Firefox.\n\nInstall it only if you want to help test the newest changes - if you want the stable version, you don't need to do anything - its already in Firefox.","isPlatformCompatible":true,"eula":null,"averageRating":2,"learnmoreURL":"https://addons.mozilla.org/pt-PT/firefox/addon/firefox-hello-beta/?src=api","homepageURL":"https://github.com/mozilla/loop","sourceURI":"https://addons.mozilla.org/firefox/downloads/file/444512/firefox_hello_beta-1.4.0-fx.xpi?src=api","size":2066320,"developerComments":null,"reviewURL":"https://addons.mozilla.org/pt-PT/firefox/addon/firefox-hello-beta/reviews/?src=api","reviewCount":7,"totalDownloads":10477,"weeklyDownloads":10,"dailyUsers":10477,"updateDate":1464431578000,"supportURL":"https://github.com/mozilla/loop/blob/master/README.md#issues"},{"id":"rpnetdownloadhelper@gmail.com","icons":{"32":null,"64":null},"name":"RPNET Download Helper","type":"extension","version":"3.0.1-signed.1-signed","repositoryStatus":4,"creator":{"name":"phoenix juice","url":"https://addons.mozilla.org/pt-PT/firefox/user/phoenix-juice/?src=api"},"description":"Download the selected links using rpnet. This plugin provides automatic login and download link conversion. This plugin then sends the links to flashgot.","fullDescription":"Download the selected links using rpnet. This plugin provides automatic login and download link conversion. This plugin then sends the links to flashgot.\n\nFLASHGOT is required!","isPlatformCompatible":true,"eula":null,"screenshots":[{"url":"https://addons.cdn.mozilla.net/user-media/previews/full/49/49551.png?src=api&modified=1331218902","width":"700","height":"131","thumbnailURL":"https://addons.cdn.mozilla.net/user-media/previews/thumbs/49/49551.png?src=api&modified=1331218902","thumbnailWidth":"200","thumbnailHeight":"37","caption":"converter"}],"averageRating":0,"learnmoreURL":"https://addons.mozilla.org/pt-PT/firefox/addon/rpnet-download-helper/?src=api","homepageURL":"https://addons.mozilla.org/pt-PT/firefox/addon/rpnet-download-helper/?src=api","sourceURI":"https://addons.mozilla.org/firefox/downloads/file/126483/rpnet_download_helper-3.0-fx.xpi?src=api","size":10106,"developerComments":null,"reviewURL":"https://addons.mozilla.org/pt-PT/firefox/addon/rpnet-download-helper/reviews/?src=api","reviewCount":0,"totalDownloads":280074,"weeklyDownloads":447,"dailyUsers":6333,"updateDate":1310922152000,"supportURL":null},{"id":"jid0-9XfBwUWnvPx4wWsfBWMCm4Jj69E@jetpack","icons":{"32":"https://addons.cdn.mozilla.net/user-media/addon_icons/415/415846-32.png?modified=1460269216","64":"https://addons.cdn.mozilla.net/user-media/addon_icons/415/415846-64.png?modified=1460269216"},"name":"Self-Destructing Cookies","type":"extension","version":"0.4.10","repositoryStatus":4,"creator":{"name":"Ove","url":"https://addons.mozilla.org/pt-PT/firefox/user/ovso/?src=api"},"description":"Fix the web. Gets rid of a site's cookies and LocalStorage as soon as you close its tabs. Protects against trackers and zombie-cookies. Trustworthy services can be whitelisted.","fullDescription":"Self-Destructing Cookies is not just a cookie manager, it's a new cookie policy. Do you think that cookies should need a reason to persist in your cookie jar, i.e. you currently interacting with the site that set them? Would you prefer your cookie jar to be empty in its steady state, except for a few sites that you care about? Are you worried about unconventional tracking methods? Then give this add-on a try.\n\nSelf-Destructing Cookies automatically removes cookies when they are no longer used by open browser tabs. With the cookies, lingering sessions, as well as information used to spy on you, will be expunged. Websites will only be permitted to identify you while you actually use them and can not stalk you across the entire web. This is the closest you will get to cookieless browsing without breaking every second site or tedious micromanaging.\n\nTracking cookies will be detected and removed immediately. They are identified purely by their behaviour - no need for a blacklist that needs to be kept up to-date. Self-Destructing Cookies also has LocalStorage support and will treat it just like your cookie jar. Defend yourself against ETag tracking and other cache-based black-hat techniques by configuring Self-Destructing Cookies to automatically clean your cache every time you are not actively using the browser. For the first time ever, this provides a realistic chance of beating zombie-/evercookies without sacrificing usability. See the zombie-cookie FAQ entry for details. Self-Destructing Cookies can also help protect against CSRF attacks by ending your sessions as soon as possible.\n\nThis add-on complements blacklist-based solutions such as Adblock and Ghostery very well. You can whitelist sites whose cookies and LocalStorage you would like to keep without an active tab in the Firefox cookie exception list, which can also be conveniently accessed from the add-on's preferences, or an icon in the Add-on Bar.\n\nFrequently Asked Questions and Common Problems\n\nQ: What about Zombie-/Evercookies?\nA: SDC gives you a fighting chance against such black-hat techniques. To beat the Evercookie, enable automatic cache cleaning in SDC's preferences. If you are on a decent, unmetered connection, there is no harm in setting the idle timeout to a low value, such as 3 minutes. You should also set all of your plugins to click-to-play, install BetterPrivacy and configure it to automatically clean unused LSOs. Please note that SDC will not clean LocalStorage scopes of sites served via HTTPS if you are running a Firefox version prior to 23. This is due to a limitation in Firefox's DOM storage API in those versions.\n\nQ: Can I disable the notification pop-ups?\nA: Yes. Open the add-on manager. You can reach it via Firefox's menu, or by just entering \"about:addons\" without the quotes in your location bar. Locate Self-Destructing Cookies in your list of extensions, click the Preferences button and remove the checkmark next to \"Notifications\".\n\nQ: Since I installed the add-on, the removal notifications just won't stop. I'm not even using the browser at the moment.\nA: You are probably using another add-on that re-adds certain cookies when they are removed, e.g. Beef Taco or TrackerBlock which both try to persist opt-out cookies. SDC and the other add-on are having an infinite debate about whether to keep those cookies. Choose a side and disable the other one.\n\nQ: The entire whitelist is empty each time I restart Firefox.\nA: You probably have Firefox's privacy preferences set to \"Clear History when Firefox closes\" and included \"Site Preferences\" in the corresponding menu. SDC's whitelist is stored as site preferences.\n\nQ: A specific site forgets my login, even though it is on my whitelist.\nIf you added the entries manually, make sure you whitelisted the base domains of your sites (e.g. \"example.com\", not \"www.example.com\"). That's where cookies are generally stored.\nIf you added it via the icon, the login might depend on external domains. Keep an eye on the removal notifications the next time you log *in* there. The domains that appear in the following seconds are probably the ones you want on your whitelist as well.\n\nQ: The add-on does not work in private browsing mode.\nA: Some parts of Firefox are off-limits for add-ons while you are in private browsing mode. This includes the cookie jar for example. There's nothing I can do about this, sorry.\n\nQ: I have configured Firefox to block all cookies by default. Can I still use SDC?\nA: There is an unsupported hidden setting that changes the behaviour of the \"yellow\" whitelist level from allow-for-session to allow-while-open. To enable it, create a boolean key in your about:config named \"extensions.jid0-9XfBwUWnvPx4wWsfBWMCm4Jj69E@jetpack.defaultBlock\" (without the quotes), set it to true and restart your browser. You can now use the \"yellow\" setting for sites whose cookies you would like to accept, but still have them self-destruct. I provide this on a \"should work\" basis, meaning that I depend on bug reports from you and don't do in-depth testing of this mode myself.","isPlatformCompatible":true,"eula":null,"screenshots":[{"url":"https://addons.cdn.mozilla.net/user-media/previews/full/98/98894.png?src=api&modified=1367914213","width":"650","height":"525","thumbnailURL":"https://addons.cdn.mozilla.net/user-media/previews/thumbs/98/98894.png?src=api&modified=1367914213","thumbnailWidth":"186","thumbnailHeight":"150","caption":"Gets rid of a site's cookies as soon as you close its last tab."},{"url":"https://addons.cdn.mozilla.net/user-media/previews/full/98/98896.png?src=api&modified=1367914213","width":"587","height":"525","thumbnailURL":"https://addons.cdn.mozilla.net/user-media/previews/thumbs/98/98896.png?src=api&modified=1367914213","thumbnailWidth":"168","thumbnailHeight":"150","caption":"Detects and removes trackers without the need for a blacklist - purely by their behaviour. LocalStorage is supported (HTTP only pre Firefox 23). Here's SDC catching a tracker that circumvented Adblock and 3rd party cookie protection."},{"url":"https://addons.cdn.mozilla.net/user-media/previews/full/98/98898.png?src=api&modified=1367914212","width":"587","height":"505","thumbnailURL":"https://addons.cdn.mozilla.net/user-media/previews/thumbs/98/98898.png?src=api&modified=1367914212","thumbnailWidth":"174","thumbnailHeight":"150","caption":"Convenient access to frequently used functions."},{"url":"https://addons.cdn.mozilla.net/user-media/previews/full/98/98900.png?src=api&modified=1367914212","width":"315","height":"525","thumbnailURL":"https://addons.cdn.mozilla.net/user-media/previews/thumbs/98/98900.png?src=api&modified=1367914212","thumbnailWidth":"90","thumbnailHeight":"150","caption":"Also available for Android."},{"url":"https://addons.cdn.mozilla.net/user-media/previews/full/98/98902.png?src=api&modified=1367914213","width":"454","height":"525","thumbnailURL":"https://addons.cdn.mozilla.net/user-media/previews/thumbs/98/98902.png?src=api&modified=1367914213","thumbnailWidth":"130","thumbnailHeight":"150","caption":"Everybody likes to have options."}],"averageRating":4,"learnmoreURL":"https://addons.mozilla.org/pt-PT/firefox/addon/self-destructing-cookies/?src=api","homepageURL":"https://addons.mozilla.org/pt-PT/firefox/addon/self-destructing-cookies/?src=api","sourceURI":"https://addons.mozilla.org/firefox/downloads/file/423258/self_destructing_cookies-0.4.10-an+fx.xpi?src=api","size":80138,"developerComments":null,"reviewURL":"https://addons.mozilla.org/pt-PT/firefox/addon/self-destructing-cookies/reviews/?src=api","reviewCount":497,"totalDownloads":2391270,"weeklyDownloads":4755,"dailyUsers":195640,"updateDate":1460266168000,"supportURL":null},{"id":"html5-video-everywhere@lejenome.me","icons":{"32":"https://addons.cdn.mozilla.net/static/img/addon-icons/video-32.png","64":"https://addons.cdn.mozilla.net/static/img/addon-icons/video-64.png"},"name":"HTML5 Video Everywhere!","type":"extension","version":"0.3.4","repositoryStatus":4,"creator":{"name":"lejenome","url":"https://addons.mozilla.org/pt-PT/firefox/user/lejenome/?src=api"},"description":"Replace video player with Firefox native video player","fullDescription":"Some Streaming sites video players sucks. This add-on will replace them with Firefox native video player.\nCurrently, It supports: Youtube, Facebook, Vimeo, Dailymotion, Break, Metacafe. And more coming..\nNote: Some legacy sites force using Flash player, you will need to install no-flash add-on to support them.\nNote: YouTube Comments sections and other buttons (like/dislike, share,...) depend on YouTube video player, they may stop working if the extension is enabled.\nNote: Only Facebook Videos pages are supported, videos on timeline and pop-ups are not supported because yet.\nFor an up-to-date list of supported site, visit our tracking directory.\n\nThanks for browsers and Linux distributions developers who chose to provide the extension build into their products (including GNU IceCat, Trisquel)\nThanks for your donations and supporting us.","isPlatformCompatible":true,"eula":null,"screenshots":[{"url":"https://addons.cdn.mozilla.net/user-media/previews/full/151/151640.png?src=api&modified=1424301172","width":"700","height":"518","thumbnailURL":"https://addons.cdn.mozilla.net/user-media/previews/thumbs/151/151640.png?src=api&modified=1424301172","thumbnailWidth":"200","thumbnailHeight":"148","caption":"the extension on metacafe"},{"url":"https://addons.cdn.mozilla.net/user-media/previews/full/153/153258.png?src=api&modified=1424301172","width":"700","height":"519","thumbnailURL":"https://addons.cdn.mozilla.net/user-media/previews/thumbs/153/153258.png?src=api&modified=1424301172","thumbnailWidth":"200","thumbnailHeight":"148","caption":"Custom context menu items"},{"url":"https://addons.cdn.mozilla.net/user-media/previews/full/151/151642.png?src=api&modified=1424301172","width":"700","height":"518","thumbnailURL":"https://addons.cdn.mozilla.net/user-media/previews/thumbs/151/151642.png?src=api&modified=1424301172","thumbnailWidth":"200","thumbnailHeight":"148","caption":"the extension on break.com"},{"url":"https://addons.cdn.mozilla.net/user-media/previews/full/153/153260.png?src=api&modified=1424301172","width":"700","height":"506","thumbnailURL":"https://addons.cdn.mozilla.net/user-media/previews/thumbs/153/153260.png?src=api&modified=1424301172","thumbnailWidth":"200","thumbnailHeight":"145","caption":"Add-on settings on Add-on manager interface"},{"url":"https://addons.cdn.mozilla.net/user-media/previews/full/151/151644.png?src=api&modified=1424301172","width":"700","height":"518","thumbnailURL":"https://addons.cdn.mozilla.net/user-media/previews/thumbs/151/151644.png?src=api&modified=1424301172","thumbnailWidth":"200","thumbnailHeight":"148","caption":"the extension on Facebook"},{"url":"https://addons.cdn.mozilla.net/user-media/previews/full/151/151646.png?src=api&modified=1424301172","width":"700","height":"518","thumbnailURL":"https://addons.cdn.mozilla.net/user-media/previews/thumbs/151/151646.png?src=api&modified=1424301172","thumbnailWidth":"200","thumbnailHeight":"148","caption":"the extension on Vimeo"},{"url":"https://addons.cdn.mozilla.net/user-media/previews/full/151/151648.png?src=api&modified=1424301172","width":"700","height":"518","thumbnailURL":"https://addons.cdn.mozilla.net/user-media/previews/thumbs/151/151648.png?src=api&modified=1424301172","thumbnailWidth":"200","thumbnailHeight":"148","caption":"the extension on Dailymotion"},{"url":"https://addons.cdn.mozilla.net/user-media/previews/full/151/151650.png?src=api&modified=1424301172","width":"700","height":"518","thumbnailURL":"https://addons.cdn.mozilla.net/user-media/previews/thumbs/151/151650.png?src=api&modified=1424301172","thumbnailWidth":"200","thumbnailHeight":"148","caption":"the extension on YouTube"}],"averageRating":4,"learnmoreURL":"https://addons.mozilla.org/pt-PT/firefox/addon/html5-video-everywhere/?src=api","homepageURL":"https://github.com/lejenome/html5-video-everywhere","sourceURI":"https://addons.mozilla.org/firefox/downloads/file/381945/html5_video_everywhere-0.3.4-sm+tb+fx+an.xpi?src=api","size":96938,"contributionURL":"https://addons.mozilla.org/pt-PT/firefox/addon/html5-video-everywhere/developers?src=api","contributionAmount":"4,00 US$","developerComments":"For current known issues or futures not supported visit: https://github.com/lejenome/html5-video-everywhere/issues","reviewURL":"https://addons.mozilla.org/pt-PT/firefox/addon/html5-video-everywhere/reviews/?src=api","reviewCount":33,"totalDownloads":831145,"weeklyDownloads":3738,"dailyUsers":76602,"updateDate":1452081764000,"supportURL":"https://github.com/lejenome/html5-video-everywhere/issues"},{"id":"firefox-hotfix@mozilla.org","icons":{"32":"https://addons.cdn.mozilla.net/user-media/addon_icons/354/354399-32.png?modified=1452244815","64":"https://addons.cdn.mozilla.net/user-media/addon_icons/354/354399-64.png?modified=1452244815"},"name":"Mozilla Firefox hotfix","type":"extension","version":"20160128.01","repositoryStatus":4,"creator":{"name":"Mozilla","url":"https://addons.mozilla.org/pt-PT/firefox/user/mozilla/?src=api"},"description":"This official add-on enables Firefox to provide quick fixes for selected issues.","fullDescription":"This official add-on enables Firefox to provide quick fixes for selected issues. There is no need to install this add-on; starting in Firefox 11, it will be automatically installed. For more information, see: https://wiki.mozilla.org/Features/Desktop/Add-on_hotfix","isPlatformCompatible":true,"eula":null,"averageRating":5,"learnmoreURL":"https://addons.mozilla.org/pt-PT/firefox/addon/firefox-hotfix/?src=api","homepageURL":"http://www.mozilla.org/","sourceURI":"https://addons.mozilla.org/firefox/downloads/file/392910/mozilla_firefox_hotfix-20160128.01-fx.xpi?src=api","size":5801,"developerComments":null,"reviewURL":"https://addons.mozilla.org/pt-PT/firefox/addon/firefox-hotfix/reviews/?src=api","reviewCount":1,"totalDownloads":285121,"weeklyDownloads":629,"dailyUsers":285121,"updateDate":1454084895000,"supportURL":"http://support.mozilla.com/"},{"id":"jid1-MnnxcxisBPnSXQ@jetpack","icons":{"32":"https://addons.cdn.mozilla.net/user-media/addon_icons/506/506646-32.png?modified=1460035216","64":"https://addons.cdn.mozilla.net/user-media/addon_icons/506/506646-64.png?modified=1460035216"},"name":"Privacy Badger","type":"extension","version":"1.7.0","repositoryStatus":4,"creator":{"name":"EFF Technologists","url":"https://addons.mozilla.org/pt-PT/firefox/user/eff-technologists/?src=api"},"description":"Protects your privacy by blocking spying ads and invisible trackers. Warning: This add-on is in alpha, so you may find some bugs! Read more: https://www.eff.org/privacybadger","fullDescription":"Privacy Badger automatically blocks spying ads and invisible trackers as you browse. It's there to ensure that companies can't track your browsing without your consent.\n\nPrivacy Badger sends the Do Not Track header with each request and evaluates the likelihood that you are still being tracked. If a domain appears to be tracking you on multiple websites, Privacy Badger automatically blocks your request from being sent to the tracking domain.\n\nOur extension shows you one of three states for each tracker. Red means block the tracker. Yellow means that we don't send cookies or referers to the tracker. Green means unblocked (probably because the third party does not appear to be tracking you - yet). You can click on the Privacy Badger icon in your browser's toolbar if you wish to override the automatic blocking settings.\n\nNothing can stop the Privacy Badger from eating cookies when it's hungry!\n\nPrivacy Badger is a project of the Electronic Frontier Foundation (https://www.eff.org)","isPlatformCompatible":true,"eula":null,"screenshots":[{"url":"https://addons.cdn.mozilla.net/user-media/previews/full/171/171793.png?src=api&modified=1457053084","width":"700","height":"394","thumbnailURL":"https://addons.cdn.mozilla.net/user-media/previews/thumbs/171/171793.png?src=api&modified=1457053084","thumbnailWidth":"200","thumbnailHeight":"113","caption":"Privacy Badger at work on the whitehouse.gov privacy policy."}],"averageRating":4,"learnmoreURL":"https://addons.mozilla.org/pt-PT/firefox/addon/privacy-badger-firefox/?src=api","homepageURL":"https://www.eff.org/privacybadger","sourceURI":"https://addons.mozilla.org/firefox/downloads/file/422094/privacy_badger-1.7.0-fx.xpi?src=api","size":1079477,"developerComments":null,"reviewURL":"https://addons.mozilla.org/pt-PT/firefox/addon/privacy-badger-firefox/reviews/?src=api","reviewCount":101,"totalDownloads":485424,"weeklyDownloads":5331,"dailyUsers":82906,"updateDate":1460032882000,"supportURL":"https://github.com/EFForg/privacybadgerfirefox"},{"id":"jid1-ZAdIEUB7XOzOJw@jetpack","icons":{"32":"https://addons.cdn.mozilla.net/user-media/addon_icons/385/385621-32.png?modified=1461833496","64":"https://addons.cdn.mozilla.net/user-media/addon_icons/385/385621-64.png?modified=1461833496"},"name":"DuckDuckGo Plus","type":"extension","version":"0.5.2","repositoryStatus":4,"creator":{"name":"DuckDuckGo","url":"https://addons.mozilla.org/pt-PT/firefox/user/duckduckgo/?src=api"},"description":"DuckDuckGo is the search engine that doesn't track you. We also have smarter answers and less clutter. This extension makes DuckDuckGo available in the address bar, search bar and right-click menu. Also adds a handy toolbar button with more features!","fullDescription":"DuckDuckGo is the search engine that doesn't track you. We also have smarter answers and less clutter.\n\nThis add-on will:\n\n1. Add a handy DuckDuckGo toolbar button (see screenshots) to your browser for easy access to !bang tags (removable).\n2. Add DuckDuckGo as your default search engine through the address bar, search bar and context right-click menu (reversible).\n\n*** Please note: to ONLY install DuckDuckGo as your default search engine in the search bar, please check out the basic DuckDuckGo Search Plugin: https://addons.mozilla.org/firefox/addon/duckduckgo-ssl/ ***\n\nThis extension is open source at https://github.com/duckduckgo/firefox-zeroclickinfo. We'd appreciate submitting Github issues there for bug/improvement ideas.\n\nAlso check out these pages for more info on DuckDuckGo:\n\n    About: https://duckduckgo.com/about/\n    !bang syntax: https://duckduckgo.com/bang/\n    Help: https://duckduckgo.com/feedback/\n    Privacy: https://duckduckgo.com/privacy/\n\n\nTo show you instant answers in the address bar, your typing in the address bar is sent to DuckDuckGo servers automatically. However, as in line with our privacy policy (https://duckduckgo.com/privacy), no personally identifying information (including IP address) is collected or stored in this process.\n\nAlso, please note that if you have changed your search settings to use POST requests, the plugin will not use POST due to technical restrictions.","isPlatformCompatible":true,"eula":null,"screenshots":[{"url":"https://addons.cdn.mozilla.net/user-media/previews/full/144/144590.png?src=api&modified=1461833437","width":"547","height":"277","thumbnailURL":"https://addons.cdn.mozilla.net/user-media/previews/thumbs/144/144590.png?src=api&modified=1461833437","thumbnailWidth":"200","thumbnailHeight":"101","caption":"Our toolbar button gives you easy access to our search box and by extension our !bangs, which let you easily search hundreds of other sites. For example, \"!a bags\" searches bags on Amazon."},{"url":"https://addons.cdn.mozilla.net/user-media/previews/full/146/146054.png?src=api&modified=1461833437","width":"639","height":"420","thumbnailURL":"https://addons.cdn.mozilla.net/user-media/previews/thumbs/146/146054.png?src=api&modified=1461833437","thumbnailWidth":"200","thumbnailHeight":"131","caption":"When you highlight text and right click, we show you definitions right in the context menu."}],"averageRating":4,"learnmoreURL":"https://addons.mozilla.org/pt-PT/firefox/addon/duckduckgo-for-firefox/?src=api","homepageURL":"https://duckduckgo.com/","sourceURI":"https://addons.mozilla.org/firefox/downloads/file/431468/duckduckgo_plus-0.5.2-fx.xpi?src=api","size":153491,"developerComments":"- The IA injection in Google/Bing was removed","reviewURL":"https://addons.mozilla.org/pt-PT/firefox/addon/duckduckgo-for-firefox/reviews/?src=api","reviewCount":148,"totalDownloads":2161766,"weeklyDownloads":788,"dailyUsers":125704,"updateDate":1461788424000,"supportURL":"https://duck.co/help/desktop/firefox"}]}