{"schemaVersion":17,"addons":[{"id":"loop@mozilla.org","syncGUID":"A8XF1OtugC-x","location":"app-system-defaults","version":"1.3.2","type":"extension","internalName":null,"updateURL":null,"updateKey":null,"optionsURL":null,"optionsType":null,"aboutURL":null,"icons":{},"iconURL":null,"icon64URL":null,"defaultLocale":{"name":"Firefox Hello","description":"Web sharing for Firefox","creator":"Mozilla","homepageURL":null},"visible":true,"active":true,"userDisabled":false,"appDisabled":false,"descriptor":"/usr/lib/firefox/browser/features/loop@mozilla.org.xpi","installDate":1465217168000,"updateDate":1465217168000,"applyBackgroundUpdates":1,"bootstrap":true,"skinnable":false,"size":4239088,"sourceURI":null,"releaseNotesURI":null,"softDisabled":false,"foreignInstall":false,"hasBinaryComponents":false,"strictCompatibility":false,"locales":[],"targetApplications":[{"id":"{ec8030f7-c20a-464f-9b0e-13a3a9e97384}","minVersion":"46.0a1","maxVersion":"47.*"},{"id":"xpcshell@tests.mozilla.org","minVersion":"0","maxVersion":"10"}],"targetPlatforms":[],"multiprocessCompatible":false,"seen":true},{"id":"firefox@getpocket.com","syncGUID":"GDLZhk-b3DRj","location":"app-system-defaults","version":"1.0.2","type":"extension","internalName":null,"updateURL":null,"updateKey":null,"optionsURL":null,"optionsType":null,"aboutURL":null,"icons":{},"iconURL":null,"icon64URL":null,"defaultLocale":{"name":"Pocket","description":"When you find something you want to view later, put it in Pocket.","creator":null,"homepageURL":null},"visible":true,"active":true,"userDisabled":false,"appDisabled":false,"descriptor":"/usr/lib/firefox/browser/features/firefox@getpocket.com.xpi","installDate":1465217168000,"updateDate":1465217168000,"applyBackgroundUpdates":1,"bootstrap":true,"skinnable":false,"size":894473,"sourceURI":null,"releaseNotesURI":null,"softDisabled":false,"foreignInstall":false,"hasBinaryComponents":false,"strictCompatibility":false,"locales":[],"targetApplications":[{"id":"{ec8030f7-c20a-464f-9b0e-13a3a9e97384}","minVersion":"47.0","maxVersion":"47.0"}],"targetPlatforms":[],"multiprocessCompatible":false,"seen":true},{"id":"e10srollout@mozilla.org","syncGUID":"Kzcq5uLWkfiT","location":"app-system-defaults","version":"1.0","type":"extension","internalName":null,"updateURL":null,"updateKey":null,"optionsURL":null,"optionsType":null,"aboutURL":null,"icons":{},"iconURL":null,"icon64URL":null,"defaultLocale":{"name":"Multi-process staged rollout","description":"Staged rollout of Firefox multi-process feature.","creator":null,"homepageURL":null},"visible":true,"active":true,"userDisabled":false,"appDisabled":false,"descriptor":"/usr/lib/firefox/browser/features/e10srollout@mozilla.org.xpi","installDate":1465217167000,"updateDate":1465217167000,"applyBackgroundUpdates":1,"bootstrap":true,"skinnable":false,"size":4580,"sourceURI":null,"releaseNotesURI":null,"softDisabled":false,"foreignInstall":false,"hasBinaryComponents":false,"strictCompatibility":false,"locales":[],"targetApplications":[{"id":"{ec8030f7-c20a-464f-9b0e-13a3a9e97384}","minVersion":"47.0","maxVersion":"47.0"}],"targetPlatforms":[],"multiprocessCompatible":false,"seen":true},{"id":"langpack-pt-BR@firefox.mozilla.org","syncGUID":"YeEfjVFEPlfM","location":"app-global","version":"47.0","type":"locale","internalName":null,"updateURL":null,"updateKey":null,"optionsURL":null,"optionsType":null,"aboutURL":null,"icons":{},"iconURL":null,"icon64URL":null,"defaultLocale":{"name":"Português do Brasil Language Pack","description":null,"creator":"br.mozdev.org","homepageURL":null,"contributors":["Fernando Pereira Silveira","Jefferson Hultmann","Marco Aurélio Krause","Reuben Morais"]},"visible":true,"active":true,"userDisabled":false,"appDisabled":false,"descriptor":"/usr/lib/firefox/browser/extensions/langpack-pt-BR@firefox.mozilla.org.xpi","installDate":1465217753000,"updateDate":1465217753000,"applyBackgroundUpdates":1,"bootstrap":true,"skinnable":false,"size":1166146,"sourceURI":null,"releaseNotesURI":null,"softDisabled":false,"foreignInstall":true,"hasBinaryComponents":false,"strictCompatibility":true,"locales":[],"targetApplications":[{"id":"{ec8030f7-c20a-464f-9b0e-13a3a9e97384}","minVersion":"47.0","maxVersion":"47.*"},{"id":"webapprt@mozilla.org","minVersion":"47.0","maxVersion":"47.*"}],"targetPlatforms":[],"seen":true},{"id":"langpack-en-GB@firefox.mozilla.org","syncGUID":"Gr1U9CkEyOgN","location":"app-global","version":"47.0","type":"locale","internalName":null,"updateURL":null,"updateKey":null,"optionsURL":null,"optionsType":null,"aboutURL":null,"icons":{},"iconURL":null,"icon64URL":null,"defaultLocale":{"name":"English (GB) Language Pack","description":null,"creator":"Mark Tyndall","homepageURL":null,"contributors":["David Bartlett","Constantine Murenin","Ian Neal"]},"visible":true,"active":true,"userDisabled":false,"appDisabled":false,"descriptor":"/usr/lib/firefox/browser/extensions/langpack-en-GB@firefox.mozilla.org.xpi","installDate":1465217639000,"updateDate":1465217639000,"applyBackgroundUpdates":1,"bootstrap":true,"skinnable":false,"size":1120177,"sourceURI":null,"releaseNotesURI":null,"softDisabled":false,"foreignInstall":true,"hasBinaryComponents":false,"strictCompatibility":true,"locales":[],"targetApplications":[{"id":"{ec8030f7-c20a-464f-9b0e-13a3a9e97384}","minVersion":"47.0","maxVersion":"47.*"},{"id":"webapprt@mozilla.org","minVersion":"47.0","maxVersion":"47.*"}],"targetPlatforms":[],"seen":true},{"id":"{972ce4c6-7e08-4474-a285-3208198ce6fd}","syncGUID":"2bpmIbc2k3zU","location":"app-global","version":"47.0","type":"theme","internalName":"classic/1.0","updateURL":null,"updateKey":null,"optionsURL":null,"optionsType":null,"aboutURL":null,"icons":{"32":"icon.png","48":"icon.png"},"iconURL":null,"icon64URL":null,"defaultLocale":{"name":"Default","description":"The default theme.","creator":"Mozilla","homepageURL":null,"contributors":["Mozilla Contributors"]},"visible":true,"active":true,"userDisabled":false,"appDisabled":false,"descriptor":"/usr/lib/firefox/browser/extensions/{972ce4c6-7e08-4474-a285-3208198ce6fd}.xpi","installDate":1465217167000,"updateDate":1465217167000,"applyBackgroundUpdates":1,"skinnable":true,"size":5022,"sourceURI":null,"releaseNotesURI":null,"softDisabled":false,"foreignInstall":false,"hasBinaryComponents":false,"strictCompatibility":true,"locales":[],"targetApplications":[{"id":"{ec8030f7-c20a-464f-9b0e-13a3a9e97384}","minVersion":"47.0","maxVersion":"47.0"}],"targetPlatforms":[],"seen":true},{"id":"langpack-en-ZA@firefox.mozilla.org","syncGUID":"dR1KpZWamsdT","location":"app-global","version":"47.0","type":"locale","internalName":null,"updateURL":null,"updateKey":null,"optionsURL":null,"optionsType":null,"aboutURL":null,"icons":{},"iconURL":null,"icon64URL":null,"defaultLocale":{"name":"English (South Africa) Language Pack","description":null,"creator":"Translate.org.za","homepageURL":null,"contributors":["Translate.org.za","Dwayne Bailey"]},"visible":true,"active":true,"userDisabled":false,"appDisabled":false,"descriptor":"/usr/lib/firefox/browser/extensions/langpack-en-ZA@firefox.mozilla.org.xpi","installDate":1465217641000,"updateDate":1465217641000,"applyBackgroundUpdates":1,"bootstrap":true,"skinnable":false,"size":1105422,"sourceURI":null,"releaseNotesURI":null,"softDisabled":false,"foreignInstall":true,"hasBinaryComponents":false,"strictCompatibility":true,"locales":[],"targetApplications":[{"id":"{ec8030f7-c20a-464f-9b0e-13a3a9e97384}","minVersion":"47.0","maxVersion":"47.*"},{"id":"webapprt@mozilla.org","minVersion":"47.0","maxVersion":"47.*"}],"targetPlatforms":[],"seen":true},{"id":"langpack-pt-PT@firefox.mozilla.org","syncGUID":"N5QI_ughEjZE","location":"app-global","version":"47.0","type":"locale","internalName":null,"updateURL":null,"updateKey":null,"optionsURL":null,"optionsType":null,"aboutURL":null,"icons":{},"iconURL":null,"icon64URL":null,"defaultLocale":{"name":"Português (Portugal) Language Pack","description":null,"creator":"Projeto de tradução do Mozilla para Português","homepageURL":null,"contributors":["Albert de Castro","Artur Araújo","Bruno Duarte","Carlos Rodrigues","Cláudio Esperança","Diogo Santos","Francisco Castanheiro","Gonçalo Matos","João Miguel Neves","Marco Sousa","Pedro Antunes","Pedro Figueira","Rita Farinha","Rodrigo Cunha","Sérgio Marques"]},"visible":true,"active":true,"userDisabled":false,"appDisabled":false,"descriptor":"/usr/lib/firefox/browser/extensions/langpack-pt-PT@firefox.mozilla.org.xpi","installDate":1465217753000,"updateDate":1465217753000,"applyBackgroundUpdates":1,"bootstrap":true,"skinnable":false,"size":1148227,"sourceURI":null,"releaseNotesURI":null,"softDisabled":false,"foreignInstall":true,"hasBinaryComponents":false,"strictCompatibility":true,"locales":[],"targetApplications":[{"id":"{ec8030f7-c20a-464f-9b0e-13a3a9e97384}","minVersion":"47.0","maxVersion":"47.*"},{"id":"webapprt@mozilla.org","minVersion":"47.0","maxVersion":"47.*"}],"targetPlatforms":[],"seen":true},{"id":"ubufox@ubuntu.com","syncGUID":"_wGcKLe_A4s9","location":"app-system-share","version":"3.2","type":"extension","internalName":null,"updateURL":null,"updateKey":null,"optionsURL":null,"optionsType":null,"aboutURL":null,"icons":{},"iconURL":"chrome://ubufox/content/ubuntulogo32.png","icon64URL":null,"defaultLocale":{"name":"Ubuntu Modifications","description":"Ubuntu modifications for Firefox","creator":"Canonical Ltd.","homepageURL":null,"contributors":["Alexander Sack <asac@ubuntu.com>","Sasa Bodiroza <jazzva@gmail.com>","Daniel Abramov <ex@vingrad.ru>","Arzhel Younsi <xionox@gmail.com>","Saïvann Carignan <oxmosys@gmail.com>","Chris Coulson <chris.coulson@canonical.com>"]},"visible":true,"active":true,"userDisabled":false,"appDisabled":false,"descriptor":"/usr/share/mozilla/extensions/{ec8030f7-c20a-464f-9b0e-13a3a9e97384}/ubufox@ubuntu.com.xpi","installDate":1442597402000,"updateDate":1442597402000,"applyBackgroundUpdates":1,"bootstrap":false,"skinnable":false,"size":129860,"sourceURI":null,"releaseNotesURI":null,"softDisabled":false,"foreignInstall":true,"hasBinaryComponents":false,"strictCompatibility":false,"locales":[{"locales":["af"],"name":"Ubuntu Modifications","description":"Ubuntu Firefox Pak","creator":"Canonical Ltd.","homepageURL":null},{"locales":["ar"],"name":"Ubuntu Modifications","description":"حزمة فايرفوكس من أوبونتو.","creator":"Canonical Ltd.","homepageURL":null},{"locales":["bg"],"name":"Ubuntu Modifications","description":"Ubuntu Firefox Pack.","creator":"Canonical Ltd.","homepageURL":null},{"locales":["ca"],"name":"Ubuntu Modifications","description":"Paquet del Firefox de l'Ubuntu.","creator":"Canonical Ltd.","homepageURL":null},{"locales":["cs"],"name":"Ubuntu Modifications","description":"Ubuntu rozšíření pro Firefox.","creator":"Canonical Ltd.","homepageURL":null},{"locales":["de"],"name":"Ubuntu Modifications","description":"Ubuntu Firefox Paket.","creator":"Canonical Ltd.","homepageURL":null},{"locales":["el"],"name":"Ubuntu Modifications","description":"Πακέτο του Ubuntu για το Firefox.","creator":"Canonical Ltd.","homepageURL":null},{"locales":["es"],"name":"Ubuntu Modifications","description":"Paquete de Ubuntu para Firefox.","creator":"Canonical Ltd.","homepageURL":null},{"locales":["eu"],"name":"Ubuntu Modifications","description":"Ubuntu Firefox Pack.","creator":"Canonical Ltd.","homepageURL":null},{"locales":["fi"],"name":"Ubuntu Modifications","description":"Ubuntun Firefox-paketti","creator":"Canonical Ltd.","homepageURL":null},{"locales":["fr"],"name":"Ubuntu Modifications","description":"Paquet Firefox Pour Ubuntu.","creator":"Canonical Ltd.","homepageURL":null},{"locales":["gl"],"name":"Ubuntu Modifications","description":"Paquete de Ubuntu para Firefox.","creator":"Canonical Ltd.","homepageURL":null},{"locales":["hu"],"name":"Ubuntu Modifications","description":"Ubuntu Firefox csomag","creator":"Canonical Ltd.","homepageURL":null},{"locales":["it"],"name":"Ubuntu Modifications","description":"Pacchetto Firefox Ubuntu.","creator":"Canonical Ltd.","homepageURL":null},{"locales":["ja"],"name":"Ubuntu Modifications","description":"Ubuntu Firefoxパック。","creator":"Canonical Ltd.","homepageURL":null},{"locales":["lt"],"name":"Ubuntu Modifications","description":"Ubuntu Firefox paketas","creator":"Canonical Ltd.","homepageURL":null},{"locales":["nl"],"name":"Ubuntu Modifications","description":"Ubuntu Firefox-pakket.","creator":"Canonical Ltd.","homepageURL":null},{"locales":["pl"],"name":"Ubuntu Modifications","description":"Pakiet Ubuntu Firefox.","creator":"Canonical Ltd.","homepageURL":null},{"locales":["pt-BR"],"name":"Ubuntu Modifications","description":"Pacote para o Firefox do Ubuntu","creator":"Canonical Ltd.","homepageURL":null},{"locales":["pt-PT"],"name":"Ubuntu Modifications","description":"Pacote Ubuntu Firefox","creator":"Canonical Ltd.","homepageURL":null},{"locales":["ro"],"name":"Ubuntu Modifications","description":"Pachetul Ubuntu Firefox.","creator":"Canonical Ltd.","homepageURL":null},{"locales":["ru"],"name":"Ubuntu Modifications","description":"Расширения Firefox для Ubuntu","creator":"Canonical Ltd.","homepageURL":null},{"locales":["sl"],"name":"Ubuntu Modifications","description":"Ubuntu razširitve za Firefox.","creator":"Canonical Ltd.","homepageURL":null},{"locales":["sv-SE"],"name":"Ubuntu Modifications","description":"Ubuntu-paket för Firefox.","creator":"Canonical Ltd.","homepageURL":null},{"locales":["uk"],"name":"Ubuntu Modifications","description":"Убунтівські доповнення до Firefox.","creator":"Canonical Ltd.","homepageURL":null},{"locales":["zh-CN"],"name":"Ubuntu Modifications","description":"Ubuntu 火狐扩展包.","creator":"Canonical Ltd.","homepageURL":null},{"locales":["zh-TW"],"name":"Ubuntu Modifications","description":"Ubuntu Firefox 擴充包。","creator":"Canonical Ltd.","homepageURL":null}],"targetApplications":[{"id":"{ec8030f7-c20a-464f-9b0e-13a3a9e97384}","minVersion":"9.0","maxVersion":"37.0a1"}],"targetPlatforms":[],"multiprocessCompatible":false,"signedState":2,"seen":true},{"id":"uBlock0@raymondhill.net","syncGUID":"NoISW7p7d7qp","location":"app-profile","version":"1.7.0","type":"extension","internalName":null,"updateURL":null,"updateKey":null,"optionsURL":null,"optionsType":"2","aboutURL":null,"icons":{"32":"icon.png","48":"icon.png"},"iconURL":null,"icon64URL":null,"defaultLocale":{"name":"uBlock Origin","description":"Finally, an efficient blocker. Easy on CPU and memory.","creator":"All uBlock Origin contributors","homepageURL":"https://github.com/gorhill/uBlock","developers":["Deathamns","Alex Vallat","Manuel Reimer"]},"visible":true,"active":true,"userDisabled":false,"appDisabled":false,"descriptor":"/home/duncan/.mozilla/firefox/ycowyjml.default/extensions/uBlock0@raymondhill.net.xpi","installDate":1465810703000,"updateDate":1465810703000,"applyBackgroundUpdates":1,"bootstrap":true,"skinnable":false,"size":4607033,"sourceURI":"https://addons.mozilla.org/firefox/downloads/file/432957/ublock_origin-1.7.0-sm+tb+fx+an.xpi?src=api","releaseNotesURI":null,"softDisabled":false,"foreignInstall":false,"hasBinaryComponents":false,"strictCompatibility":false,"locales":[{"locales":["ar"],"name":"uBlock Origin","description":"وأخيراً, مانع اعلانات كفوء. خفيف على المعالج و الذاكرة.","creator":"All uBlock Origin contributors","homepageURL":"https://github.com/gorhill/uBlock"},{"locales":["bg"],"name":"uBlock Origin","description":"Най-накрая, ефективен рекламен блокер с малки изисквания за процесор и памет.","creator":"All uBlock Origin contributors","homepageURL":"https://github.com/gorhill/uBlock"},{"locales":["bn"],"name":"uBlock Origin","description":"অবশেষে, একটি দক্ষ প্রতিরোধক। সিপিইউ এবং মেমরির জন্য সহজ।","creator":"All uBlock Origin contributors","homepageURL":"https://github.com/gorhill/uBlock"},{"locales":["ca"],"name":"uBlock Origin","description":"Finalment, un blocador eficient que utilitza pocs recursos de memòria i processador.","creator":"All uBlock Origin contributors","homepageURL":"https://github.com/gorhill/uBlock"},{"locales":["cs"],"name":"uBlock Origin","description":"Konečně efektivní blokovač, který nezatěžuje CPU a paměť.","creator":"All uBlock Origin contributors","homepageURL":"https://github.com/gorhill/uBlock"},{"locales":["cv"],"name":"uBlock Origin","description":"Тинех Интернет тишкерӳҫӗ валли хӑвӑрт та витӗмлӗ чаркӑч пур.","creator":"All uBlock Origin contributors","homepageURL":"https://github.com/gorhill/uBlock"},{"locales":["da"],"name":"uBlock Origin","description":"Endelig en effektiv blocker til Chromium-baserede browsere. Lavt CPU- og hukommelsesbrug.","creator":"All uBlock Origin contributors","homepageURL":"https://github.com/gorhill/uBlock"},{"locales":["de"],"name":"uBlock Origin","description":"Endlich ein effizienter Blocker. Prozessor-freundlich und bescheiden beim Speicherbedarf.","creator":"All uBlock Origin contributors","homepageURL":"https://github.com/gorhill/uBlock"},{"locales":["el"],"name":"uBlock Origin","description":"Επιτέλους, ένας αποτελεσματικός blocker. Ελαφρύς για τον επεξεργαστή και τη μνήμη.","creator":"All uBlock Origin contributors","homepageURL":"https://github.com/gorhill/uBlock"},{"locales":["eo"],"name":"uBlock Origin","description":"Finfine rendimenta reklamoblokilo. Afabla por ĉefprocesoro kaj memoro.","creator":"All uBlock Origin contributors","homepageURL":"https://github.com/gorhill/uBlock"},{"locales":["es"],"name":"uBlock Origin","description":"Por fin, un bloqueador eficiente con uso mínimo de procesador y memoria.","creator":"All uBlock Origin contributors","homepageURL":"https://github.com/gorhill/uBlock"},{"locales":["et"],"name":"uBlock Origin","description":"Lõpuks on valminud tõhus blokeerija. Protsessori- ja mälusõbralik.","creator":"All uBlock Origin contributors","homepageURL":"https://github.com/gorhill/uBlock"},{"locales":["eu"],"name":"uBlock Origin","description":"Behingoz, blokeatzaile eraginkor bat. PUZ eta memorian arina.","creator":"All uBlock Origin contributors","homepageURL":"https://github.com/gorhill/uBlock"},{"locales":["fa"],"name":"uBlock Origin","description":"بالاخره، یک بلاکر کارآمد. کم حجم بر روی پردازنده و حافظه.","creator":"All uBlock Origin contributors","homepageURL":"https://github.com/gorhill/uBlock"},{"locales":["fi"],"name":"uBlock Origin","description":"Viimeinkin tehokas ja kevyt mainosten estäjä.","creator":"All uBlock Origin contributors","homepageURL":"https://github.com/gorhill/uBlock"},{"locales":["fil"],"name":"uBlock Origin","description":"Sa wakas! Isang magaling na blocker para sa Chromium-based browsers. Magaan sa CPU at memory.","creator":"All uBlock Origin contributors","homepageURL":"https://github.com/gorhill/uBlock"},{"locales":["fr"],"name":"uBlock Origin","description":"Un bloqueur de nuisances efficace, qui ménagera votre processeur et votre mémoire vive.","creator":"All uBlock Origin contributors","homepageURL":"https://github.com/gorhill/uBlock"},{"locales":["fy"],"name":"uBlock Origin","description":"Einlik, in effisjinte adblocker. Brûkt hast gjin prosessorkrêft of ûnthâld.","creator":"All uBlock Origin contributors","homepageURL":"https://github.com/gorhill/uBlock"},{"locales":["gl"],"name":"uBlock Origin","description":"Ó fin, un bloqueador eficiente que non chupa toda a memoria e o procesador.","creator":"All uBlock Origin contributors","homepageURL":"https://github.com/gorhill/uBlock"},{"locales":["he"],"name":"uBlock Origin","description":"סוף סוף, חוסם יעיל. קל על המעבד והזיכרון.","creator":"All uBlock Origin contributors","homepageURL":"https://github.com/gorhill/uBlock"},{"locales":["hi"],"name":"uBlock Origin","description":"आख़िरकार, क्रोमियम-बेस्ड ब्राउज़रों के लिए एक कुशल अवरोधक। CPU और स्मृति पर आसान।","creator":"All uBlock Origin contributors","homepageURL":"https://github.com/gorhill/uBlock"},{"locales":["hr"],"name":"uBlock Origin","description":"Konačno, efikasan blokator. Lak na CPU i memoriji.","creator":"All uBlock Origin contributors","homepageURL":"https://github.com/gorhill/uBlock"},{"locales":["hu"],"name":"uBlock Origin","description":"Végre egy hatékony reklám- és követésblokkoló böngészőkhöz, amely kíméletes a processzorral és a memóriával.","creator":"All uBlock Origin contributors","homepageURL":"https://github.com/gorhill/uBlock"},{"locales":["id"],"name":"uBlock Origin","description":"Akhirnya, pemblokir iklan yang efisien. Ringan penggunaan CPU dan memori.","creator":"All uBlock Origin contributors","homepageURL":"https://github.com/gorhill/uBlock"},{"locales":["it"],"name":"uBlock Origin","description":"Finalmente, un blocker efficiente. Leggero sulla CPU e sulla memoria.","creator":"All uBlock Origin contributors","homepageURL":"https://github.com/gorhill/uBlock"},{"locales":["ja"],"name":"uBlock Origin","description":"高効率ブロッカーが遂に登場。CPUとメモリーの負担を抑えます。","creator":"All uBlock Origin contributors","homepageURL":"https://github.com/gorhill/uBlock"},{"locales":["ko"],"name":"uBlock Origin","description":"이 부가 기능은 효율적인 차단기입니다. CPU와 메모리에 주는 부담이 적습니다.","creator":"All uBlock Origin contributors","homepageURL":"https://github.com/gorhill/uBlock"},{"locales":["lt"],"name":"uBlock Origin","description":"Pagaliau, efektyvus blokatorius, neapkraunantis nei procesoriaus, nei darbinės atminties.","creator":"All uBlock Origin contributors","homepageURL":"https://github.com/gorhill/uBlock"},{"locales":["lv"],"name":"uBlock Origin","description":"Beidzot, efektīvs bloķētājs. Nepārslogo procesoru un atmiņu.","creator":"All uBlock Origin contributors","homepageURL":"https://github.com/gorhill/uBlock"},{"locales":["mr"],"name":"uBlock Origin","description":"शेवटी, एक कार्यक्षम ब्लॉकर क्रोमियम आधारित ब्राउझरांसाठी. सीपीयू आणि मेमरी वर सोपे जातो.","creator":"All uBlock Origin contributors","homepageURL":"https://github.com/gorhill/uBlock"},{"locales":["nb"],"name":"uBlock Origin","description":"Endelig en effektiv blokkeringsutvidelse. Lavt CPU- og minnebruk.","creator":"All uBlock Origin contributors","homepageURL":"https://github.com/gorhill/uBlock"},{"locales":["nl"],"name":"uBlock Origin","description":"Eindelijk, een efficiënte adblocker. Gebruikt weinig processorkracht en geheugen.","creator":"All uBlock Origin contributors","homepageURL":"https://github.com/gorhill/uBlock"},{"locales":["pl"],"name":"uBlock Origin","description":"Nareszcie skuteczne blokowanie reklam, niskie użycie procesora i pamięci.","creator":"All uBlock Origin contributors","homepageURL":"https://github.com/gorhill/uBlock"},{"locales":["pt-BR"],"name":"uBlock Origin","description":"Finalmente, um bloqueador eficiente. Com baixo uso de memória e CPU.","creator":"All uBlock Origin contributors","homepageURL":"https://github.com/gorhill/uBlock"},{"locales":["pt-PT"],"name":"uBlock Origin","description":"Finalmente, um bloqueador eficiente. Leve na CPU e memória.","creator":"All uBlock Origin contributors","homepageURL":"https://github.com/gorhill/uBlock"},{"locales":["ro"],"name":"uBlock Origin","description":"În sfârșit, un blocant eficient. Are un impact mic asupra procesorului și memoriei.","creator":"All uBlock Origin contributors","homepageURL":"https://github.com/gorhill/uBlock"},{"locales":["ru"],"name":"uBlock Origin","description":"Наконец-то, быстрый и эффективный блокировщик для браузеров.","creator":"All uBlock Origin contributors","homepageURL":"https://github.com/gorhill/uBlock"},{"locales":["sk"],"name":"uBlock Origin","description":"Konečne efektívny blokovač, ktorý nezaťažuje CPU a pamäť.","creator":"All uBlock Origin contributors","homepageURL":"https://github.com/gorhill/uBlock"},{"locales":["sl"],"name":"uBlock Origin","description":"Končno, učinkovita, procesorju in pomnilniku prijazna razširitev za blokiranje oglasov.","creator":"All uBlock Origin contributors","homepageURL":"https://github.com/gorhill/uBlock"},{"locales":["sq"],"name":"uBlock Origin","description":"Më në fund, një bllokues efikas që nuk e rëndon procesorin dhe memorjen.","creator":"All uBlock Origin contributors","homepageURL":"https://github.com/gorhill/uBlock"},{"locales":["sr"],"name":"uBlock Origin","description":"Коначно, ефикасан блокатор. Ниски процесорски и меморијски захтеви.","creator":"All uBlock Origin contributors","homepageURL":"https://github.com/gorhill/uBlock"},{"locales":["sv"],"name":"uBlock Origin","description":"Äntligen en effektiv blockerare! Snäll mot processor och minne.","creator":"All uBlock Origin contributors","homepageURL":"https://github.com/gorhill/uBlock"},{"locales":["ta"],"name":"uBlock Origin","description":"இறுதியாக, ஒரு திறமையான விளம்பரத் தடுப்பான். கணினியின் மையச் செயற்பகுதியின் மேலும் நினைவகத்தின் மேலும் இலகுவானது.","creator":"All uBlock Origin contributors","homepageURL":"https://github.com/gorhill/uBlock"},{"locales":["te"],"name":"uBlock Origin","description":"మొత్తానికి RAM ఇంకా CPU పై తేలికయిన, ఒక సమర్థవంతమైన నిరోధిని.","creator":"All uBlock Origin contributors","homepageURL":"https://github.com/gorhill/uBlock"},{"locales":["tr"],"name":"uBlock Origin","description":"Sonunda, etkili bir engelleyici. İşlemci ve belleği zorlamaz.","creator":"All uBlock Origin contributors","homepageURL":"https://github.com/gorhill/uBlock"},{"locales":["uk"],"name":"uBlock Origin","description":"Ефективний блокувальник реклами таки з’явився. Не навантажує процесор та пам'ять.","creator":"All uBlock Origin contributors","homepageURL":"https://github.com/gorhill/uBlock"},{"locales":["vi"],"name":"uBlock Origin","description":"Cuối cùng, đã có một công cụ chặn quảng cáo hiệu quả, tiêu tốn ít CPU và bộ nhớ.","creator":"All uBlock Origin contributors","homepageURL":"https://github.com/gorhill/uBlock"},{"locales":["zh-CN"],"name":"uBlock Origin","description":"一款高效的网络请求过滤工具，占用极低的内存和 CPU。","creator":"All uBlock Origin contributors","homepageURL":"https://github.com/gorhill/uBlock"},{"locales":["zh-TW"],"name":"uBlock Origin","description":"終於出現了，一個高效率的阻擋器，使用不多的 CPU 及記憶體資源。","creator":"All uBlock Origin contributors","homepageURL":"https://github.com/gorhill/uBlock"}],"targetApplications":[{"id":"{ec8030f7-c20a-464f-9b0e-13a3a9e97384}","minVersion":"24.0","maxVersion":"*"},{"id":"{aa3c5121-dab2-40e2-81ca-7ea25febc110}","minVersion":"24.0","maxVersion":"*"},{"id":"{92650c4d-4b8e-4d2a-b7eb-24ecf4f6b63a}","minVersion":"2.21","maxVersion":"2.39.*"},{"id":"{8de7fcbb-c55c-4fbe-bfc5-fc555c87dbc4}","minVersion":"25.0","maxVersion":"26.*"},{"id":"{a79fe89b-6662-4ff4-8e88-09950ad4dfde}","minVersion":"0.1","maxVersion":"9.9"},{"id":"{3550f703-e582-4d05-9a08-453d09bdfdc6}","minVersion":"31.0","maxVersion":"45.0"}],"targetPlatforms":[],"multiprocessCompatible":true,"signedState":2,"seen":true},{"id":"jid0-9XfBwUWnvPx4wWsfBWMCm4Jj69E@jetpack","syncGUID":"10qxAqY0SzGa","location":"app-profile","version":"0.4.10","type":"extension","internalName":null,"updateURL":null,"updateKey":null,"optionsURL":"data:text/xml,<placeholder/>","optionsType":"2","aboutURL":null,"icons":{"32":"icon.png","48":"icon.png"},"iconURL":null,"icon64URL":null,"defaultLocale":{"name":"Self-Destructing Cookies","description":"Fix the web. Gets rid of a site's cookies and LocalStorage as soon as you close its tabs. Protects against trackers and zombie-cookies. Trustworthy services can be whitelisted.","creator":"Ove","homepageURL":null},"visible":true,"active":true,"userDisabled":false,"appDisabled":false,"descriptor":"/home/duncan/.mozilla/firefox/ycowyjml.default/extensions/jid0-9XfBwUWnvPx4wWsfBWMCm4Jj69E@jetpack.xpi","installDate":1465810728000,"updateDate":1465810728000,"applyBackgroundUpdates":1,"bootstrap":true,"skinnable":false,"size":163955,"sourceURI":"https://addons.mozilla.org/firefox/downloads/file/423258/self_destructing_cookies-0.4.10-an+fx.xpi?src=api","releaseNotesURI":null,"softDisabled":false,"foreignInstall":false,"hasBinaryComponents":false,"strictCompatibility":false,"locales":[],"targetApplications":[{"id":"{ec8030f7-c20a-464f-9b0e-13a3a9e97384}","minVersion":"38.0a1","maxVersion":"47.*"},{"id":"{aa3c5121-dab2-40e2-81ca-7ea25febc110}","minVersion":"38.0a1","maxVersion":"43.0"}],"targetPlatforms":[],"multiprocessCompatible":false,"signedState":2,"seen":true},{"id":"{b9db16a4-6edc-47ec-a1f4-b86292ed211d}","syncGUID":"X7ISCJHBbex_","location":"app-profile","version":"5.6.1","type":"extension","internalName":null,"updateURL":null,"updateKey":null,"optionsURL":"data:text/xml,<placeholder/>","optionsType":"2","aboutURL":null,"icons":{},"iconURL":null,"icon64URL":null,"defaultLocale":{"name":"Video DownloadHelper","description":"Download Videos from the Web","creator":"mig@downloadhelper.net","homepageURL":"http://www.downloadhelper.net/"},"visible":true,"active":true,"userDisabled":false,"appDisabled":false,"descriptor":"/home/duncan/.mozilla/firefox/ycowyjml.default/extensions/{b9db16a4-6edc-47ec-a1f4-b86292ed211d}.xpi","installDate":1465810776000,"updateDate":1465810776000,"applyBackgroundUpdates":1,"bootstrap":true,"skinnable":false,"size":1675397,"sourceURI":"https://addons.mozilla.org/firefox/downloads/file/441634/video_downloadhelper-5.6.1-fx.xpi?src=api","releaseNotesURI":null,"softDisabled":false,"foreignInstall":false,"hasBinaryComponents":false,"strictCompatibility":false,"locales":[],"targetApplications":[{"id":"{ec8030f7-c20a-464f-9b0e-13a3a9e97384}","minVersion":"36.0","maxVersion":"49.0"}],"targetPlatforms":[],"multiprocessCompatible":true,"signedState":2,"seen":true},{"id":"jid1-qj0w91o64N7Eeg@jetpack","syncGUID":"TCudMuGw2vpI","location":"app-profile","version":"3.0.3","type":"extension","internalName":null,"updateURL":null,"updateKey":null,"optionsURL":"data:text/xml,<placeholder/>","optionsType":"2","aboutURL":null,"icons":{},"iconURL":"logo/logo32.png","icon64URL":null,"defaultLocale":{"name":"YouTube ALL HTML5","description":"Play all videos on youtube without flash.","creator":"Klemens Schölhorn","homepageURL":null},"visible":true,"active":true,"userDisabled":false,"appDisabled":false,"descriptor":"/home/duncan/.mozilla/firefox/ycowyjml.default/extensions/jid1-qj0w91o64N7Eeg@jetpack.xpi","installDate":1465810813000,"updateDate":1465810813000,"applyBackgroundUpdates":1,"bootstrap":true,"skinnable":false,"size":56285,"sourceURI":"https://addons.mozilla.org/firefox/downloads/file/394667/youtube_all_html5-3.0.3-fx.xpi?src=api","releaseNotesURI":null,"softDisabled":false,"foreignInstall":false,"hasBinaryComponents":false,"strictCompatibility":false,"locales":[],"targetApplications":[{"id":"{ec8030f7-c20a-464f-9b0e-13a3a9e97384}","minVersion":"38.0a1","maxVersion":"47.*"}],"targetPlatforms":[],"multiprocessCompatible":false,"signedState":2,"seen":true},{"id":"html5-video-everywhere@lejenome.me","syncGUID":"3MSiUiq8xGOV","location":"app-profile","version":"0.3.4","type":"extension","internalName":null,"updateURL":null,"updateKey":null,"optionsURL":"data:text/xml,<placeholder/>","optionsType":"2","aboutURL":null,"icons":{"32":"icon.png","48":"icon.png"},"iconURL":null,"icon64URL":null,"defaultLocale":{"name":"HTML5 Video Everywhere!","description":"Replace video player with Firefox native video player","creator":"Moez Bouhlel <bmoez.j@gmail.com> (http://lejenome.github.io/)","homepageURL":"https://github.com/lejenome/html5-video-everywhere"},"visible":true,"active":true,"userDisabled":false,"appDisabled":false,"descriptor":"/home/duncan/.mozilla/firefox/ycowyjml.default/extensions/html5-video-everywhere@lejenome.me.xpi","installDate":1465810816000,"updateDate":1465810816000,"applyBackgroundUpdates":1,"bootstrap":true,"skinnable":false,"size":289553,"sourceURI":"https://addons.mozilla.org/firefox/downloads/file/381945/html5_video_everywhere-0.3.4-sm+tb+fx+an.xpi?src=api","releaseNotesURI":null,"softDisabled":false,"foreignInstall":false,"hasBinaryComponents":false,"strictCompatibility":false,"locales":[],"targetApplications":[{"id":"{ec8030f7-c20a-464f-9b0e-13a3a9e97384}","minVersion":"38.0a1","maxVersion":"47.*"},{"id":"{aa3c5121-dab2-40e2-81ca-7ea25febc110}","minVersion":"38.0a1","maxVersion":"43.0"},{"id":"{92650c4d-4b8e-4d2a-b7eb-24ecf4f6b63a}","minVersion":"2.35a1","maxVersion":"2.42"},{"id":"{3550f703-e582-4d05-9a08-453d09bdfdc6}","minVersion":"38.0a1","maxVersion":"43.0"}],"targetPlatforms":[],"multiprocessCompatible":true,"signedState":2,"seen":true},{"id":"{d40f5e7b-d2cf-4856-b441-cc613eeffbe3}","syncGUID":"nhbxmoDSyO71","location":"app-profile","version":"1.74","type":"extension","internalName":null,"updateURL":null,"updateKey":null,"optionsURL":"chrome://bprivacy/content/bprivacyopt.xul","optionsType":null,"aboutURL":null,"icons":{},"iconURL":"chrome://bprivacy/content/pie.png","icon64URL":null,"defaultLocale":{"name":"BetterPrivacy","description":"\"Super-Cookie Safeguard\"","creator":"Greg Yardley (version 0.2) www.yardley.ca","homepageURL":"https://addons.mozilla.org/en-US/firefox/addon/betterprivacy/","developers":["Ikrg"],"contributors":["Icon: Lint Hasenpfeffer (concept by Evan Eckard), Code improvements: Ximin Luo, Locales: DE by Endor and others by BabelZilla team"]},"visible":true,"active":true,"userDisabled":false,"appDisabled":false,"descriptor":"/home/duncan/.mozilla/firefox/ycowyjml.default/extensions/{d40f5e7b-d2cf-4856-b441-cc613eeffbe3}.xpi","installDate":1465811072000,"updateDate":1465811072000,"applyBackgroundUpdates":1,"bootstrap":false,"skinnable":false,"size":376662,"sourceURI":"https://addons.mozilla.org/firefox/downloads/file/433749/betterprivacy_signed-1.74-fx-linux.xpi?src=api","releaseNotesURI":null,"softDisabled":false,"foreignInstall":false,"hasBinaryComponents":false,"strictCompatibility":false,"locales":[],"targetApplications":[{"id":"{ec8030f7-c20a-464f-9b0e-13a3a9e97384}","minVersion":"46.0","maxVersion":"46.*"}],"targetPlatforms":[],"multiprocessCompatible":false,"signedState":2,"seen":true},{"id":"rpnetdownloadhelper@gmail.com","syncGUID":"AXamkqV1TXDp","location":"app-profile","version":"3.0.1-signed.1-signed","type":"extension","internalName":null,"updateURL":null,"updateKey":null,"optionsURL":null,"optionsType":null,"aboutURL":null,"icons":{"32":"icon.png","48":"icon.png"},"iconURL":"chrome://rpnetdownload/skin/rpnetdownload.png","icon64URL":null,"defaultLocale":{"name":"RPNET Download Helper","description":"Download the selected links using rpnet","creator":"Me8011","homepageURL":"https://premium.rpnet.biz/"},"visible":true,"active":true,"userDisabled":false,"appDisabled":false,"descriptor":"/home/duncan/.mozilla/firefox/ycowyjml.default/extensions/rpnetdownloadhelper@gmail.com.xpi","installDate":1465811072000,"updateDate":1465811072000,"applyBackgroundUpdates":1,"bootstrap":false,"skinnable":false,"size":15143,"sourceURI":"https://addons.mozilla.org/firefox/downloads/file/126483/rpnet_download_helper-3.0-fx.xpi?src=api","releaseNotesURI":null,"softDisabled":false,"foreignInstall":false,"hasBinaryComponents":false,"strictCompatibility":false,"locales":[],"targetApplications":[{"id":"{ec8030f7-c20a-464f-9b0e-13a3a9e97384}","minVersion":"1.5","maxVersion":"47.*"}],"targetPlatforms":[],"multiprocessCompatible":false,"signedState":2,"seen":true},{"id":"2.0@disconnect.me","syncGUID":"K-ozmB6PpP1W","location":"app-profile","version":"3.15.3.1-signed.1-signed","type":"extension","internalName":null,"updateURL":null,"updateKey":null,"optionsURL":null,"optionsType":null,"aboutURL":null,"icons":{"32":"icon.png","48":"icon.png"},"iconURL":"chrome://disconnect/skin/images/48.png","icon64URL":"chrome://disconnect/skin/images/64.png","defaultLocale":{"name":"Disconnect","description":"Make the web faster, more private, and more secure.","creator":"Disconnect","homepageURL":"https://disconnect.me/","developers":["Brian Kennish","Dan Kwon"]},"visible":true,"active":true,"userDisabled":false,"appDisabled":false,"descriptor":"/home/duncan/.mozilla/firefox/ycowyjml.default/extensions/2.0@disconnect.me.xpi","installDate":1465811072000,"updateDate":1465811072000,"applyBackgroundUpdates":1,"bootstrap":false,"skinnable":false,"size":1912486,"sourceURI":"https://addons.mozilla.org/firefox/downloads/file/295648/disconnect-3.15.3-fx.xpi?src=api","releaseNotesURI":null,"softDisabled":false,"foreignInstall":false,"hasBinaryComponents":false,"strictCompatibility":false,"locales":[],"targetApplications":[{"id":"{ec8030f7-c20a-464f-9b0e-13a3a9e97384}","minVersion":"1.5","maxVersion":"31.*"},{"id":"{a463f10c-3994-11da-9945-000d60ca027b}","minVersion":"0.7","maxVersion":"2.6.2"}],"targetPlatforms":[],"multiprocessCompatible":false,"signedState":2,"seen":true},{"id":"jid1-MnnxcxisBPnSXQ@jetpack","syncGUID":"JeA4AcL2nfsA","location":"app-profile","version":"1.7.0","type":"extension","internalName":null,"updateURL":null,"updateKey":null,"optionsURL":"data:text/xml,<placeholder/>","optionsType":"2","aboutURL":null,"icons":{"32":"icon.png","48":"icon.png","64":"icon64.png"},"iconURL":null,"icon64URL":null,"defaultLocale":{"name":"Privacy Badger","description":"Protects privacy by blocking spying ads and invisible trackers.","creator":"Electronic Frontier Foundation","homepageURL":null,"contributors":["Yan Zhu","Garrett Robinson","Monica Chew","Cooper Quintin","Noah Swartz","Dan Auerbach","Peter Eckersley","Jonathan Mayer","Hugh D'Andrade","Franziska Roesner","Jacob Hoffman-Andrews","Jeremey Gillula","ghostwords"]},"visible":true,"active":true,"userDisabled":false,"appDisabled":false,"descriptor":"/home/duncan/.mozilla/firefox/ycowyjml.default/extensions/jid1-MnnxcxisBPnSXQ@jetpack.xpi","installDate":1465817191000,"updateDate":1465817191000,"applyBackgroundUpdates":1,"bootstrap":true,"skinnable":false,"size":1906857,"sourceURI":"https://addons.mozilla.org/firefox/downloads/file/422094/privacy_badger-1.7.0-fx.xpi?src=api","releaseNotesURI":null,"softDisabled":false,"foreignInstall":false,"hasBinaryComponents":false,"strictCompatibility":false,"locales":[],"targetApplications":[{"id":"{ec8030f7-c20a-464f-9b0e-13a3a9e97384}","minVersion":"38.0a1","maxVersion":"39.0"}],"targetPlatforms":[],"multiprocessCompatible":false,"signedState":2,"seen":true},{"id":"jid1-ZAdIEUB7XOzOJw@jetpack","syncGUID":"v-JYS-H2LO3i","location":"app-profile","version":"0.5.2","type":"extension","internalName":null,"updateURL":null,"updateKey":null,"optionsURL":"data:text/xml,<placeholder/>","optionsType":"2","aboutURL":null,"icons":{},"iconURL":"data/img/icon_48.png","icon64URL":null,"defaultLocale":{"name":"DuckDuckGo Plus","description":"DuckDuckGo Plus","creator":"DuckDuckGo","homepageURL":null},"visible":true,"active":true,"userDisabled":false,"appDisabled":false,"descriptor":"/home/duncan/.mozilla/firefox/ycowyjml.default/extensions/jid1-ZAdIEUB7XOzOJw@jetpack.xpi","installDate":1465817247000,"updateDate":1465817247000,"applyBackgroundUpdates":1,"bootstrap":true,"skinnable":false,"size":152254,"sourceURI":"https://addons.mozilla.org/firefox/downloads/file/431468/duckduckgo_plus-0.5.2-fx.xpi?src=api","releaseNotesURI":null,"softDisabled":false,"foreignInstall":false,"hasBinaryComponents":false,"strictCompatibility":false,"locales":[],"targetApplications":[{"id":"{ec8030f7-c20a-464f-9b0e-13a3a9e97384}","minVersion":"38.0a1","maxVersion":"43.0"}],"targetPlatforms":[],"multiprocessCompatible":false,"signedState":2,"seen":true}]}