{"chrome://browser/content/browser.xul":{"navigator-toolbox":{"iconsize":"small"},"main-window":{"sizemode":"maximized","screenX":"4","screenY":"25","width":"1229","height":"645"},"nav-bar":{"currentset":"urlbar-container,search-container,bookmarks-menu-button,downloads-button,home-button,action-button--b9db16a4-6edc-47ec-a1f4-b86292ed211d-vdh-tbbutton,ublock0-button,disconnect-item","collapsed":""},"toolbar-menubar":{"currentset":"menubar-items","autohide":"false"},"TabsToolbar":{"currentset":"tabbrowser-tabs,new-tab-button,alltabs-button"},"PersonalToolbar":{"currentset":"personal-bookmarks","collapsed":"false"},"addon-bar":{"currentset":"addonbar-closebutton,status-bar"},"sidebar-title":{"value":""}}}